1773089323,3,5332268.0,5145322.0,695436.7,661520.7,161888.1,163090.1,104745.1,160544.5,101672.8,330.0,25.0,28.5,737,19.5,31.3,971,2677,2593,3699,11373,14554,16909,4190,6007,639
1773089623,3,5365259.5,5178920.0,698778.0,665213.3,163068.6,163900.1,104868.5,160195.4,101670.3,329.7,25.0,28.5,757,19.5,32.7,969,2683,2580,3690,11324,14509,16844,4185,6034,641
1773089923,3,5592130.0,5395018.5,722451.1,687601.8,166907.1,167476.5,106202.5,161471.0,101664.6,346.4,25.0,28.6,740,19.3,33.7,959,2661,2522,3634,11087,14270,16519,4148,6066,644
1773090222,3,5904044.5,5665220.5,748527.0,710861.9,171789.2,172418.0,108542.9,163486.2,101657.1,347.1,24.8,28.6,762,19.4,34.3,959,2660,2524,3636,11095,14275,16525,4149,6076,644
1773090522,3,6214760.0,6010125.5,777049.4,738754.2,176642.7,177372.2,110658.9,167167.8,101652.4,346.7,24.8,28.6,745,19.4,34.7,960,2667,2523,3635,11089,14273,16516,4149,6081,645
1773090823,3,6486868.5,6260300.0,806784.4,764687.8,181360.5,182143.2,112814.8,169983.5,101646.7,344.8,24.7,28.7,793,19.4,34.7,959,2660,2524,3636,11092,14275,16518,4150,6080,645
1773091123,3,6807380.0,6583252.0,833430.3,792795.5,185985.2,186256.2,115040.7,171891.5,101640.1,354.2,24.8,28.6,763,19.3,35.2,959,2657,2524,3635,11092,14275,16523,4149,6068,644
1773091422,3,7047854.5,6802362.5,853986.3,810053.8,190458.3,191491.6,116572.9,173924.7,101634.3,354.5,24.9,28.4,782,19.5,35.2,958,2654,2523,3634,11081,14267,16497,4147,6058,644
1773091723,3,7240249.5,6995520.0,874394.1,829958.2,194208.4,194500.8,118124.0,176004.8,101631.3,358.5,24.9,28.4,757,19.4,35.3,958,2643,2522,3633,11085,14261,16507,4145,6058,643
1773092023,3,7506816.5,7255961.5,901812.6,852363.3,197912.7,197668.9,119567.2,178416.9,101629.0,361.2,24.9,28.2,763,19.3,35.6,959,2650,2526,3637,11098,14279,16526,4149,6065,644
1773092324,3,7780271.5,7516476.0,924536.2,873934.0,202293.5,201935.2,121139.5,181372.9,101622.4,361.9,24.8,28.3,787,19.4,35.6,959,2656,2526,3637,11099,14282,16529,4150,6066,644
1773092622,3,7994666.5,7742552.5,942703.6,893264.1,205617.8,205756.0,122758.1,183317.9,101624.6,352.9,24.9,28.3,784,19.5,35.5,959,2660,2526,3636,11095,14279,16521,4148,6058,644
1773092922,3,8263446.0,7979469.5,967191.1,913649.8,208806.9,208674.9,124107.1,184723.7,101613.5,358.4,24.6,28.5,749,19.4,35.6,960,2658,2530,3641,11115,14299,16540,4152,6068,643
1773093223,3,8479657.0,8219394.5,991222.3,935185.4,212156.0,211768.5,125666.0,186865.9,101602.9,363.8,24.7,28.5,770,19.4,35.7,960,2659,2531,3642,11115,14299,16541,4153,6066,643
1773093523,3,8769299.0,8471699.0,1014392.3,956311.8,215615.5,215263.9,127290.8,188973.4,101605.8,366.6,24.7,28.3,760,19.5,35.6,961,2666,2533,3645,11123,14310,16553,4155,6067,643
1773093822,3,8987901.0,8698877.0,1035856.6,976682.7,219556.7,218655.7,128704.1,190896.1,101601.7,359.5,24.9,28.1,796,19.4,35.7,961,2661,2533,3644,11123,14308,16551,4153,6067,643
1773094122,3,9256825.0,8955495.0,1056983.5,995111.0,222561.1,221726.1,130109.4,193190.0,101588.5,354.5,24.8,28.1,746,19.4,35.5,961,2663,2534,3645,11128,14314,16556,4155,6064,643
1773094423,3,9456585.0,9165293.0,1079659.1,1014400.1,225871.3,224661.9,131224.4,194960.9,101579.8,353.1,24.8,28.1,771,19.5,35.5,961,2662,2536,3647,11133,14319,16561,4155,6063,643
1773094724,3,9677133.0,9357853.0,1095955.9,1029350.3,228417.8,227038.8,132455.8,196436.6,95382.9,361.2,24.7,28.0,788,19.4,35.6,961,2663,2537,3647,11134,14322,16562,4155,6061,643
1773095022,3,9908001.0,9595189.0,1116573.1,1049470.1,232523.4,229811.8,134045.3,199136.8,95379.6,364.4,24.8,28.0,777,19.5,35.5,962,2662,2537,3648,11138,14325,16566,4155,6058,643
1773095323,3,10132504.0,9801507.0,1134201.5,1064635.0,235377.2,232448.2,135042.1,200031.6,95383.8,362.0,24.8,28.0,795,19.4,35.6,962,2664,2539,3649,11145,14331,16575,4157,6059,643
1773095623,3,10326592.0,10002719.0,1155683.5,1083371.1,238340.7,236137.1,136065.8,201868.0,95389.0,359.3,24.7,28.0,802,19.4,35.7,962,2668,2539,3650,11147,14332,16575,4157,6057,643
1773095923,3,10560191.0,10230069.0,1176480.4,1101536.4,241392.2,239119.5,137406.8,203759.2,95388.4,371.4,24.7,28.0,768,19.3,35.7,963,2668,2540,3650,11148,14336,16580,4158,6056,643
1773096222,3,10780141.0,10454297.0,1192674.0,1117478.9,244246.9,241634.8,138587.8,205483.2,95398.1,368.0,24.8,27.8,777,19.3,35.7,963,2667,2541,3652,11153,14341,16585,4158,6057,643
1773096522,3,11021935.0,10656835.0,1214795.4,1139465.9,246769.1,244744.9,139776.9,206981.5,95394.0,368.0,24.7,27.9,767,19.4,35.7,963,2670,2543,3653,11158,14347,16589,4160,6056,643
1773096823,3,11304315.0,10930755.0,1232144.6,1155805.2,249538.9,247261.6,140869.9,207942.1,95396.3,360.9,24.6,27.9,769,19.3,35.7,963,2667,2544,3653,11160,14349,16594,4159,6055,643
1773097122,3,11548889.0,11139292.0,1252214.9,1175626.8,252495.6,249709.5,141804.8,209783.3,95391.7,362.5,24.7,27.8,775,19.3,35.7,963,2671,2545,3655,11166,14355,16601,4160,6056,643
1773097423,3,11801275.0,11381988.0,1280616.9,1195152.4,255728.8,252662.6,143143.5,211473.6,95389.0,360.0,24.6,27.9,785,19.2,35.9,963,2669,2545,3655,11168,14355,16605,4160,6052,643
1773097723,3,12069692.0,11643987.0,1294030.9,1208420.1,257940.3,255657.0,144520.2,213096.4,95386.5,354.4,24.6,27.9,742,19.3,35.7,963,2669,2546,3656,11168,14356,16603,4160,6051,642
1773098022,3,12320849.0,11905640.0,1316697.6,1226618.4,260520.5,258108.4,145825.5,214411.8,95384.5,343.5,24.6,27.7,743,19.4,35.5,964,2672,2547,3657,11173,14363,16611,4162,6052,643
1773098323,3,12565443.0,12185935.0,1338433.9,1244980.0,263469.7,259932.2,146637.6,215628.5,95383.1,346.3,24.6,27.7,762,19.4,35.5,964,2673,2548,3658,11180,14368,16615,4163,6053,643
1773098623,3,12738301.0,12292348.0,1349617.1,1256557.1,266259.6,261889.3,147674.7,216809.8,95382.9,344.0,24.6,27.8,751,19.3,35.5,964,2670,2548,3658,11178,14368,16615,4163,6050,642
1773098922,3,12981887.0,12574729.0,1376316.0,1277253.9,268656.0,264580.5,148673.8,218659.8,95382.4,340.8,24.7,27.7,757,19.4,35.5,964,2671,2549,3659,11181,14372,16617,4163,6049,642
1773099223,3,13233801.0,12787763.0,1392584.5,1295557.0,270326.3,267000.8,149212.6,219551.8,95381.5,345.6,24.6,27.7,767,19.3,35.5,964,2670,2551,3660,11187,14376,16626,4163,6048,642
1773099523,3,13350744.0,12954489.0,1405654.6,1304843.9,272915.4,268790.5,150545.5,221507.5,95379.2,345.0,24.7,27.6,754,19.4,35.4,964,2670,2550,3660,11188,14378,16624,4163,6047,642
1773099823,3,13622384.0,13218473.0,1426520.9,1327647.1,275070.1,271121.7,151201.4,223075.5,95372.1,342.3,24.7,27.5,711,19.4,35.4,964,2672,2552,3661,11190,14382,16625,4164,6045,642
1773100124,3,13829931.0,13377423.0,1440259.6,1344351.0,277473.8,273034.1,152298.6,223427.8,95368.3,339.8,24.6,27.7,758,19.3,35.4,965,2674,2553,3663,11198,14388,16636,4166,6046,642
1773100424,3,14072488.0,13597483.0,1458949.9,1358165.1,279206.5,275361.7,152814.0,224588.9,95366.6,344.0,24.6,27.6,774,19.3,35.4,965,2678,2554,3664,11197,14392,16636,4167,6047,642
1773100724,3,14238732.0,13789295.0,1477945.1,1371093.6,281580.7,276633.5,153734.1,225888.5,95365.5,354.9,24.6,27.5,756,19.2,35.6,965,2675,2554,3664,11202,14395,16640,4167,6046,642
1773101022,3,14448655.0,13989869.0,1496871.5,1388110.0,283140.7,278676.0,154216.4,227742.6,95366.2,338.2,24.7,27.5,721,19.2,35.5,965,2674,2555,3664,11207,14397,16648,4167,6048,642
1773101324,3,14660563.0,14180421.0,1513039.6,1400472.5,285817.1,281347.7,155674.6,228162.0,95364.8,338.8,24.7,27.4,759,19.3,35.4,966,2676,2558,3668,11217,14408,16658,4169,6046,642
1773101623,3,14752573.0,14298961.0,1520536.0,1406234.4,287332.9,282103.8,156342.1,228808.0,95366.6,336.9,24.6,27.5,762,19.5,35.2,966,2675,2559,3668,11219,14410,16655,4169,6046,642
1773101922,3,14905347.0,14424423.0,1533929.5,1420068.5,288808.1,283769.7,157295.5,229960.7,95366.3,339.0,24.7,27.2,757,19.4,35.1,966,2673,2560,3669,11220,14414,16659,4169,6043,642
1773102223,3,15156261.0,14664143.0,1550885.6,1440471.6,291753.3,286226.2,158020.5,230997.6,95373.3,340.3,24.6,27.6,764,19.4,35.1,967,2678,2564,3672,11235,14429,16680,4172,6042,642
1773102522,3,15327276.0,14847099.0,1563026.6,1453128.4,293111.9,288150.8,158451.5,231850.4,95367.6,335.1,24.7,27.3,740,19.4,35.0,967,2677,2565,3673,11237,14430,16681,4172,6041,641
1773102824,3,15616657.0,15064104.0,1581915.0,1466843.1,295404.9,289998.9,159399.4,233072.4,95373.1,337.4,24.5,27.6,738,19.4,35.2,968,2680,2567,3675,11245,14440,16690,4174,6040,641
1773103123,3,15815893.0,15263832.0,1599880.1,1487552.6,298022.5,292084.0,159967.9,234345.4,95369.8,340.3,24.6,27.4,735,19.4,35.1,968,2679,2569,3677,11254,14447,16699,4174,6031,641
1773103422,3,15980580.0,15455184.0,1614579.4,1498952.6,299557.2,294152.2,160676.4,235058.0,95374.9,339.0,24.8,27.2,737,19.4,35.2,969,2685,2571,3679,11263,14458,16717,4177,6036,641
1773103724,3,16123909.0,15594260.0,1626957.0,1506405.0,300471.0,295241.1,161180.4,235640.2,95373.2,332.7,24.7,27.3,741,19.4,35.1,968,2672,2572,3680,11269,14457,16716,4176,6033,640
1773104023,3,16336685.0,15799581.0,1642599.6,1524423.1,304225.5,297480.8,162275.7,236766.3,95372.0,332.7,24.6,27.3,741,19.4,35.0,969,2681,2575,3682,11273,14469,16723,4178,6030,641
1773104322,3,16554388.0,16005713.0,1659056.0,1540027.4,307410.6,299997.7,162942.4,238125.6,95373.0,332.9,24.6,27.3,753,19.4,35.1,968,2676,2575,3683,11279,14471,16723,4178,6028,640
1773104623,3,16734377.0,16232511.0,1676691.9,1554696.1,311100.3,302428.6,163713.1,239318.1,95373.5,332.3,24.6,27.4,709,19.5,35.0,970,2680,2577,3684,11282,14477,16730,4179,6028,641
1773104923,3,16912726.0,16424851.0,1687260.1,1564372.9,311937.3,303316.8,164153.0,239640.2,95379.8,339.9,24.6,27.3,749,19.4,35.2,970,2685,2579,3686,11289,14486,16740,4182,6030,641
1773105222,3,17128106.0,16571121.0,1708264.9,1579007.1,314174.5,305177.3,164801.4,241025.2,95384.0,336.9,24.6,27.4,746,19.5,35.0,969,2678,2577,3686,11290,14482,16736,4180,6027,640
1773105523,3,17211316.0,16687256.0,1712319.9,1584598.0,315518.1,308931.6,165422.1,241541.0,95377.5,324.8,24.6,27.5,713,19.4,35.1,970,2676,2578,3685,11291,14483,16737,4180,6027,640
1773105823,3,17369056.0,16849366.0,1726164.9,1597535.1,316430.2,309765.1,165876.5,242759.3,95372.9,325.0,24.5,27.7,753,19.4,35.2,970,2676,2578,3686,11293,14484,16739,4180,6026,640
1773106122,3,17563490.0,16988198.0,1740778.0,1612534.6,318604.5,310940.0,166823.4,243028.6,95374.5,329.4,24.6,27.4,739,19.3,35.3,970,2687,2580,3687,11297,14492,16750,4182,6028,641
1773106423,3,17770674.0,17242654.0,1758276.4,1624122.1,319811.6,312779.7,167556.7,243556.4,95373.7,336.2,24.6,27.5,749,19.2,35.5,969,2677,2578,3685,11289,14480,16736,4179,6015,639
1773106722,3,17807938.0,17284872.0,1761551.6,1626105.4,321316.8,314329.7,167908.5,244289.2,95373.0,340.3,24.5,27.6,726,19.4,35.5,970,2681,2580,3687,11297,14489,16745,4182,6029,641
1773107022,3,17962514.0,17422678.0,1771350.0,1639947.6,322485.3,314947.6,167827.0,244523.4,95370.5,336.9,24.6,27.6,753,19.3,35.5,970,2680,2580,3687,11295,14488,16741,4180,6026,641
1773107323,3,18098734.0,17558144.0,1786727.0,1647139.4,324608.5,316207.8,168999.1,245072.1,95373.7,334.6,24.7,27.4,729,19.4,35.4,970,2681,2580,3687,11297,14489,16744,4181,6028,641
1773107623,3,18278896.0,17733168.0,1801196.9,1660204.1,325600.3,317654.8,169302.2,246278.8,95373.4,334.1,24.6,27.6,721,19.4,35.5,971,2681,2581,3687,11299,14490,16750,4181,6028,640
1773107922,3,18423294.0,17844930.0,1808253.6,1669613.6,326096.2,318849.2,169792.0,246545.8,95369.2,331.1,24.8,27.4,721,19.2,35.7,970,2681,2581,3688,11298,14493,16748,4182,6029,641
1773108224,3,18570690.0,17978546.0,1822508.5,1680921.6,328455.0,321047.1,170152.1,247351.7,95368.4,332.3,24.7,27.4,727,19.4,35.4,970,2678,2581,3688,11300,14493,16748,4181,6025,640
1773108523,3,18680184.0,18098572.0,1834376.9,1692836.5,330296.6,321782.3,170661.4,248276.9,95368.7,325.6,24.7,27.4,763,19.4,35.5,970,2677,2582,3689,11301,14493,16752,4181,6028,641
1773108822,3,18879808.0,18286672.0,1842314.0,1697518.4,331437.9,322818.7,171312.1,248718.8,95364.7,334.0,24.6,27.6,704,19.5,35.3,971,2684,2584,3690,11307,14502,16757,4183,6028,641
1773109122,3,18991640.0,18412366.0,1856926.1,1710257.6,332753.2,323702.0,171769.1,249623.7,95368.5,324.9,24.6,27.6,751,19.4,35.5,970,2680,2582,3689,11305,14497,16754,4182,6025,640
1773109423,3,19177138.0,18606352.0,1874445.6,1725129.1,335074.8,325918.8,172433.6,250018.9,95375.8,329.8,24.4,28.0,721,19.3,35.7,971,2678,2583,3689,11305,14497,16754,4182,6024,640
1773109723,3,19331350.0,18728146.0,1883518.0,1735546.9,336202.8,327005.2,172974.6,250643.6,95383.9,330.1,24.5,27.7,736,19.3,35.7,971,2686,2583,3690,11305,14503,16757,4183,6027,641
1773110022,3,19466596.0,18846086.0,1899184.5,1753394.9,338047.2,329176.0,173336.2,251105.6,95389.9,320.9,24.6,27.7,721,19.3,35.8,970,2679,2583,3689,11306,14501,16757,4183,6026,640
1773110323,3,19655494.0,19055542.0,1907860.6,1758012.0,338998.2,330695.9,173953.5,252108.4,95393.9,322.0,24.6,27.7,736,19.3,35.8,970,2680,2583,3689,11309,14502,16756,4182,6025,641
1773110622,3,19721642.0,19163334.0,1920440.4,1768514.9,340515.4,331211.1,174281.7,252657.6,95397.3,321.7,24.7,27.7,719,19.3,35.8,971,2681,2584,3690,11309,14502,16759,4182,6024,640
1773110923,3,19907404.0,19321712.0,1931134.5,1778607.6,341475.7,333488.0,175170.4,253199.2,95400.8,325.1,24.6,27.8,719,19.3,35.8,971,2678,2584,3689,11308,14501,16756,4183,6024,640
1773111223,3,20010238.0,19475718.0,1943546.4,1791248.6,343500.3,333770.1,175566.4,254301.7,95409.6,323.3,24.6,27.8,723,19.3,35.9,971,2677,2584,3690,11309,14501,16760,4183,6024,640
1773111522,3,20188262.0,19602990.0,1957364.0,1803396.9,345046.6,335839.4,176124.4,255722.0,95413.7,321.6,24.6,27.7,739,19.3,35.9,971,2687,2585,3691,11312,14508,16766,4184,6026,640
1773111824,3,20319860.0,19737142.0,1962522.6,1814326.5,345821.9,337616.0,176657.2,255885.4,95412.7,323.9,24.5,28.0,709,19.4,35.8,972,2684,2585,3691,11313,14508,16767,4184,6027,641
1773112123,3,20442394.0,19870042.0,1978736.5,1825053.0,347230.1,338092.8,176906.7,256493.2,95412.6,324.3,24.6,27.8,706,19.4,35.8,971,2680,2585,3691,11311,14504,16763,4184,6024,640
1773112423,3,20621312.0,20015662.0,1988329.1,1835620.4,348573.0,339127.4,177356.0,256976.1,95414.2,323.9,24.5,27.9,708,19.4,35.8,971,2682,2585,3691,11313,14510,16763,4184,6025,640
1773112722,3,20772598.0,20097582.0,2001608.0,1839630.6,350810.8,340469.4,177829.8,257895.0,95414.6,320.3,24.6,27.8,713,19.4,35.8,971,2677,2584,3691,11310,14502,16761,4183,6023,640
1773113024,3,20992944.0,20298730.0,2013580.6,1854269.6,352042.0,342026.0,178325.7,258627.0,95421.0,312.9,24.5,27.8,714,19.3,35.9,971,2681,2586,3692,11317,14509,16767,4185,6026,640
1773113323,3,21066242.0,20443200.0,2025348.0,1866580.4,353804.1,343550.0,178952.1,259234.8,95417.9,316.0,24.6,27.8,720,19.4,35.9,971,2681,2585,3692,11314,14510,16767,4184,6026,641
1773113622,3,21131278.0,20505562.0,2036048.1,1875080.5,355333.6,344888.7,179404.1,259557.4,95419.2,310.7,24.7,27.7,676,19.4,35.9,971,2683,2586,3693,11316,14510,16767,4185,6025,641
1773113924,3,21247574.0,20654010.0,2045927.5,1879206.0,355854.6,346277.3,179956.4,260639.9,95423.2,314.8,24.6,27.8,740,19.3,36.0,972,2681,2586,3692,11316,14511,16764,4185,6025,641
1773114223,3,21574826.0,20823950.0,2060442.4,1897850.4,357809.0,347983.0,180698.9,262185.8,95428.2,314.9,24.7,27.7,712,19.3,36.1,971,2677,2585,3690,11313,14505,16762,4183,6023,640
1773114522,3,21830334.0,21088378.0,2077880.6,1908132.1,359831.3,348507.3,181003.8,261695.6,95427.6,318.3,24.6,27.9,687,19.3,36.1,972,2684,2586,3692,11321,14515,16775,4186,6024,641
1773114824,3,21925158.0,21094402.0,2081691.4,1914690.9,360852.7,349666.2,181247.0,262715.0,95433.3,315.4,24.7,27.7,715,19.4,35.9,972,2686,2587,3694,11320,14515,16773,4186,6025,641
1773115123,3,22148918.0,21261516.0,2089772.4,1928025.5,361841.9,350967.0,181710.4,262578.0,95436.9,309.6,24.7,27.7,728,19.3,36.0,972,2685,2587,3694,11320,14516,16771,4186,6026,641
1773115422,3,22219200.0,21334120.0,2102061.8,1932052.5,362363.9,352246.5,182293.1,263224.3,95438.6,315.5,24.6,27.8,717,19.3,36.2,4408,6614,7302,3847,11321,14514,16775,4186,6026,641
1773115724,3,22270388.0,21386502.0,2107224.8,1940419.0,363303.2,353123.4,182355.5,263724.0,95437.3,303.7,24.6,27.9,714,19.3,36.1,972,2683,2587,3693,11322,14516,16774,4185,6025,640
1773116023,3,22477266.0,21663466.0,2123666.5,1953056.4,365564.8,355351.6,183159.5,264523.2,95443.5,315.2,24.5,28.0,701,19.4,36.1,972,2683,2587,3694,11323,14517,16770,4186,6022,640
1773116322,3,22707584.0,21976906.0,2136386.2,1965403.9,367605.6,356760.8,183381.3,265246.4,95447.2,305.0,24.7,27.8,727,19.3,36.1,971,2681,2587,3693,11320,14513,16768,4185,6024,640
1773116623,3,22793882.0,22076566.0,2144637.5,1972284.1,367249.2,356647.3,183767.7,264504.1,95453.9,312.1,24.6,28.1,727,19.2,36.4,960,2655,2539,3613,10843,14433,15758,4152,5860,620
1773116922,3,22743350.0,22071702.0,2146250.8,1970318.0,367798.5,356926.0,184378.9,266433.7,95459.0,308.8,24.6,27.9,704,19.4,36.2,961,2660,2541,3614,10847,14439,15761,4154,5862,620
1773117222,3,23053294.0,22300328.0,2157783.8,1990141.9,369249.6,358950.2,185329.4,266611.7,95466.2,304.1,24.6,28.0,699,19.3,36.2,961,2658,2541,3615,10846,14440,15760,4153,5863,621
1773117523,3,23184152.0,22434182.0,2172575.2,1998822.6,371364.7,360679.4,185711.4,267807.7,95468.3,305.2,24.5,28.2,689,19.3,36.2,961,2658,2541,3614,10847,14439,15757,4154,5862,621
1773117823,3,23341170.0,22694800.0,2187935.0,2013581.4,373952.4,362677.1,186443.1,268312.2,95471.6,308.1,24.6,28.0,691,19.3,36.2,961,2660,2542,3614,10847,14442,15760,4154,5863,620
1773118122,3,23440910.0,22737082.0,2198219.0,2022542.0,376385.6,363563.4,187222.1,269310.2,95473.6,306.1,24.6,28.0,685,19.4,36.1,961,2657,2541,3614,10844,14437,15756,4154,5862,620
1773118423,3,23700566.0,22998720.0,2214942.0,2038704.4,377940.0,365260.8,188133.9,269891.2,95470.7,303.3,24.6,27.9,678,19.3,36.2,962,2659,2541,3615,10846,14441,15759,4155,5863,620
1773118723,3,23844998.0,23157734.0,2225884.5,2043143.1,380147.2,366363.7,188489.8,270641.8,95465.2,308.2,24.6,27.9,710,19.3,36.3,961,2658,2541,3615,10848,14440,15760,4154,5863,621
1773119022,3,24049614.0,23218264.0,2238350.2,2061502.1,381139.9,368495.3,188427.0,270757.5,95464.2,307.1,24.6,28.1,666,19.1,36.5,960,2654,2541,3614,10845,14437,15757,4153,5861,620
1773119324,3,24241194.0,23458450.0,2249554.2,2064742.4,383017.8,368818.0,189070.6,271032.2,95464.8,305.8,24.5,28.2,689,19.0,36.8,960,2654,2541,3614,10846,14437,15759,4153,5860,620
1773119623,3,24324422.0,23466970.0,2252902.8,2072470.1,384157.3,369315.5,189458.4,271752.5,95467.0,299.7,24.5,28.2,640,19.0,36.9,961,2653,2541,3614,10846,14436,15757,4153,5860,620
1773119923,3,24390986.0,23529066.0,2256252.8,2072733.0,384778.2,369699.8,189378.5,271964.6,95469.9,300.8,24.5,28.4,713,19.0,37.1,960,2652,2541,3614,10849,14439,15759,4153,5859,620
1773120222,3,24412122.0,23581754.0,2261842.2,2079666.9,385839.2,370824.8,189961.7,272899.8,95477.9,297.7,24.5,28.2,673,19.0,37.1,960,2652,2541,3613,10845,14436,15758,4153,5860,620
1773120522,3,24532234.0,23714912.0,2269111.2,2084913.6,385969.5,371524.3,190344.1,273428.9,95484.0,302.8,24.5,28.3,698,19.0,37.1,960,2652,2541,3614,10846,14436,15757,4153,5860,620
1773120823,3,24537066.0,23713426.0,2272503.0,2086627.4,387566.7,373673.1,190582.0,273721.5,95484.3,299.2,24.5,28.4,689,18.9,37.2,961,2654,2541,3614,10847,14438,15761,4153,5861,620
1773121123,3,24698800.0,23909792.0,2278192.8,2094916.5,388173.7,372781.1,190599.1,274433.9,95488.5,301.7,24.4,28.4,683,19.0,37.2,960,2653,2541,3614,10848,14438,15759,4153,5861,620
1773121422,3,24786152.0,23949168.0,2289654.2,2101370.0,389196.1,376486.8,191800.9,274937.4,95486.0,306.3,24.5,28.4,695,19.0,37.2,960,2650,2540,3614,10845,14436,15757,4153,5860,620
1773121722,3,24913138.0,24013378.0,2294651.2,2105933.5,390146.5,376768.0,191552.9,275188.9,95490.2,303.4,24.4,28.6,692,19.0,37.2,961,2653,2541,3614,10849,14439,15760,4153,5860,620
1773122024,3,24945658.0,24125966.0,2298332.2,2110417.2,391395.1,377402.1,192358.5,275623.2,95492.4,303.4,24.5,28.4,688,19.0,37.3,960,2652,2540,3613,10845,14435,15756,4153,5859,620
1773122323,3,25134378.0,24212888.0,2307518.8,2121036.2,391181.2,380045.4,192586.1,276940.1,95490.5,300.0,24.5,28.3,704,19.0,37.3,959,2648,2540,3614,10844,14433,15752,4152,5859,620
1773122622,3,25264000.0,24330730.0,2322699.0,2131732.8,393576.0,382002.5,193188.0,277351.1,95486.2,299.8,24.4,28.5,672,19.0,37.3,960,2652,2541,3614,10849,14439,15760,4154,5860,620
1773122923,3,25295426.0,24558182.0,2331054.2,2141031.0,394069.2,381910.4,193501.5,277738.2,95484.0,298.1,24.5,28.4,692,19.0,37.3,961,2653,2541,3615,10847,14441,15761,4153,5861,621
1773123222,3,25450592.0,24693158.0,2342700.2,2149721.0,395213.6,382810.6,193574.8,278343.1,95483.1,303.0,24.4,28.4,689,19.0,37.3,960,2656,2542,3614,10848,14437,15758,4154,5861,620
1773123523,3,25499080.0,24781450.0,2347352.8,2152668.8,396677.8,385035.6,194139.7,279057.3,95488.4,293.8,24.4,28.5,687,19.0,37.3,960,2652,2541,3613,10845,14435,15756,4153,5860,620
1773123822,3,25652194.0,24850366.0,2355111.8,2159099.0,398741.7,385149.7,194906.4,279392.5,95494.7,296.0,24.5,28.4,670,19.0,37.3,961,2653,2541,3614,10848,14439,15758,4153,5861,620
1773124124,3,25843926.0,25042510.0,2367513.0,2172816.2,398917.1,386556.0,195729.4,280648.6,95497.9,300.9,24.4,28.4,659,19.0,37.4,960,2650,2540,3614,10847,14435,15756,4152,5859,620
1773124423,3,26019250.0,25138328.0,2373815.8,2180157.8,400451.8,388288.6,195946.8,280945.9,95504.1,299.1,24.5,28.4,682,19.1,37.3,961,2653,2541,3615,10848,14440,15760,4154,5861,620
1773124722,3,26050082.0,25216162.0,2382023.0,2189694.2,400641.3,388079.7,196068.7,280955.1,95500.4,300.0,24.4,28.5,685,19.0,37.3,960,2649,2540,3613,10845,14435,15753,4152,5859,621
1773125023,3,26223176.0,25383304.0,2394865.0,2201134.8,402433.7,389925.9,196217.4,281237.2,95499.1,299.0,24.5,28.3,671,19.0,37.3,960,2651,2540,3614,10845,14437,15756,4154,5860,620
1773125322,3,26326598.0,25420322.0,2401892.0,2203687.2,403812.9,391250.5,196701.6,282020.4,95501.1,299.5,24.4,28.5,697,19.0,37.4,960,2649,2540,3613,10843,14434,15757,4152,5859,620
1773125623,3,26489190.0,25552650.0,2410843.0,2215911.8,404701.6,392091.2,197553.9,283509.0,95501.1,301.1,24.5,28.4,662,19.0,37.4,961,2652,2541,3614,10847,14439,15760,4154,5859,620
1773125922,3,26709742.0,25839110.0,2429772.2,2227006.2,407378.9,393279.1,198175.0,283698.3,95497.0,294.5,24.5,28.4,678,19.0,37.4,961,2659,2542,3616,10851,14443,15767,4155,5862,620
1773126224,3,26823878.0,25966954.0,2434212.5,2233674.2,408199.0,394546.8,198176.4,284090.5,95498.8,299.2,24.4,28.6,669,19.0,37.4,960,2653,2541,3615,10847,14440,15759,4153,5860,620
1773126523,3,26899456.0,26134624.0,2442824.0,2243923.0,409460.9,395324.2,198979.0,285303.8,95498.0,300.4,24.2,28.8,631,19.0,37.4,961,2654,2541,3615,10849,14439,15761,4154,5859,621
1773126821,3,27074874.0,26264432.0,2456999.0,2254241.8,410608.5,397867.1,199802.0,285470.7,95495.3,291.5,24.4,28.5,685,19.0,37.4,960,2654,2542,3615,10849,14441,15761,4155,5861,620
1773127123,3,27198842.0,26353776.0,2463478.8,2266776.0,412637.1,399021.8,199822.8,285529.4,95491.0,297.8,24.4,28.6,695,18.9,37.6,960,2650,2541,3614,10846,14435,15756,4153,5859,620
1773127423,3,27416490.0,26543838.0,2482432.0,2278079.2,413119.0,399862.8,200487.2,286894.0,95485.4,291.7,24.4,28.5,695,18.9,37.6,960,2649,2541,3614,10848,14439,15760,4154,5860,620
1773127724,3,27437462.0,26641208.0,2485676.2,2289421.8,414169.4,400407.7,200272.8,286751.2,95480.3,299.6,24.5,28.5,729,18.9,37.6,960,2652,2540,3614,10848,14439,15761,4154,5861,621
1773128023,3,27616222.0,26813782.0,2495673.2,2291388.8,415166.5,401839.9,200679.8,287746.6,95478.4,286.7,24.4,28.5,693,19.0,37.5,960,2652,2540,3614,10846,14438,15755,4153,5859,620
1773128321,3,27711856.0,26929810.0,2504413.8,2295400.0,416747.6,403246.0,201453.7,288032.8,95476.1,292.3,24.3,28.7,669,19.0,37.6,960,2652,2542,3614,10850,14439,15759,4153,5861,620
1773128622,3,27831024.0,27023222.0,2513455.0,2307720.8,418640.1,404427.0,202237.6,288641.2,95476.1,310.0,24.4,28.6,668,19.0,37.5,961,2652,2542,3614,10848,14438,15759,4154,5860,621
1773128922,3,27995226.0,27161226.0,2520869.8,2317788.2,420531.4,405535.5,202531.5,289726.7,95474.1,281.6,24.4,28.5,643,18.9,37.6,961,2653,2541,3615,10849,14440,15764,4154,5861,620
1773129221,3,28148182.0,27281662.0,2537385.2,2327687.8,420867.6,406105.0,202491.7,290098.3,95474.3,276.8,24.4,28.6,651,19.0,37.5,961,2653,2542,3615,10850,14440,15763,4155,5862,621
1773129522,3,28276648.0,27459194.0,2550053.0,2337567.2,422053.3,408953.0,202960.8,289846.1,95475.1,274.5,24.4,28.5,687,19.0,37.5,961,2655,2542,3614,10849,14440,15761,4153,5861,621
1773129821,3,28373482.0,27553168.0,2559593.8,2350609.0,424062.8,409460.8,203326.0,291322.3,95473.2,281.6,24.4,28.6,685,18.9,37.6,961,2655,2542,3615,10850,14441,15764,4155,5861,621
1773130122,3,28635926.0,27735416.0,2566760.0,2361228.2,425441.8,410140.6,204198.3,291385.6,95471.8,273.8,24.5,28.5,689,18.9,37.6,960,2652,2541,3615,10848,14438,15760,4154,5860,620
1773130422,3,28606150.0,27790778.0,2577264.0,2366038.0,426195.6,411712.0,204557.4,292313.2,95475.2,273.4,24.3,28.6,654,18.9,37.6,960,2649,2540,3614,10845,14432,15757,4152,5860,620
1773130722,3,28776184.0,27972266.0,2592417.5,2375060.0,427543.5,412283.0,204855.2,292574.6,95479.0,284.0,24.5,28.4,698,19.0,37.4,961,2652,2542,3615,10845,14433,15756,4151,5843,619
1773131022,3,29044162.0,28139016.0,2604978.0,2391292.0,429118.7,415101.4,205739.4,293591.9,95482.9,328.8,24.4,28.5,684,19.0,37.5,960,2651,2541,3614,10848,14436,15759,4153,5860,620
1773131321,3,29146200.0,28321754.0,2614982.0,2398230.0,430916.9,416450.9,205583.8,294145.9,95491.3,278.0,24.4,28.6,712,19.0,37.5,960,2655,2541,3615,10849,14442,15762,4154,5861,620
1773131621,3,29308606.0,28481190.0,2625305.8,2416579.2,432061.8,417419.2,206126.8,294713.0,95496.1,265.4,24.4,28.6,679,18.9,37.6,961,2657,2542,3615,10854,14445,15766,4156,5863,621
1773131921,3,29436062.0,28530352.0,2631995.8,2417366.8,433787.5,419093.8,206715.0,295765.8,95491.5,272.0,24.4,28.4,676,19.1,37.4,961,2653,2542,3615,10851,14442,15763,4155,5862,620
1773132221,3,29556110.0,28674622.0,2660150.0,2437346.8,435136.6,420045.6,207124.4,295728.1,95488.5,280.8,24.4,28.5,632,19.0,37.5,961,2655,2542,3615,10851,14441,15763,4155,5862,620
1773132522,3,29664462.0,28774128.0,2654236.0,2439258.8,436899.2,421689.8,208117.6,297269.2,95484.8,278.8,24.5,28.4,659,19.0,37.5,961,2655,2542,3616,10850,14441,15763,4154,5861,620
1773132822,3,29861718.0,29041776.0,2679070.2,2453198.8,438348.8,422719.6,208775.6,296813.6,95490.3,342.0,24.4,28.6,679,18.9,37.6,960,2650,2537,3610,10838,14426,15747,4146,5820,617
1773133150,3,29956866.0,28997270.0,2685695.2,2457429.0,438536.5,423818.6,209178.8,298640.0,95496.4,1308.0,24.0,29.0,678,18.9,37.7,960,2647,2541,3614,10848,14435,15759,4153,5860,620
1773133423,3,30107162.0,29308002.0,2699167.5,2471883.2,442065.9,426013.0,210335.0,299057.9,95498.0,445.3,24.2,28.8,703,18.9,37.6,961,2652,2541,3614,10850,14441,15761,4154,5860,620
1773133721,3,30279296.0,29493926.0,2718085.2,2485261.8,444259.0,427411.9,210326.1,298728.8,95503.1,268.9,24.3,28.7,676,19.0,37.6,961,2657,2542,3616,10851,14443,15763,4155,5861,620
1773134021,3,30401442.0,29488306.0,2718704.8,2492529.0,444305.9,427620.2,210843.1,299834.1,95506.7,276.5,24.4,28.5,752,18.9,37.7,960,2650,2541,3614,10849,14439,15761,4154,5860,620
1773134321,3,30517416.0,29594318.0,2732028.8,2500736.8,445368.1,429642.0,211840.0,300796.2,95509.6,276.8,24.5,28.4,687,19.0,37.5,960,2652,2541,3615,10850,14440,15760,4154,5860,620
1773134621,3,30642106.0,29781286.0,2743307.2,2512390.0,447530.2,430977.4,211691.2,301135.6,95509.9,427.5,24.4,28.5,716,18.9,37.6,961,2651,2541,3614,10850,14441,15760,4154,5860,620
1773134924,3,30770744.0,29898496.0,2755425.2,2520852.0,450568.9,432909.0,212190.5,301837.3,95520.9,191.3,24.1,29.1,352,18.9,37.6,960,2651,2541,3615,10851,14439,15763,4154,5861,620
1773135222,3,31030242.0,30110618.0,2783419.0,2534529.0,451088.6,433373.5,212927.9,303089.2,95526.5,335.8,24.3,28.7,565,18.9,37.6,961,2653,2541,3614,10848,14439,15763,4153,5858,620
1773135522,3,31071542.0,30232208.0,2796076.2,2543623.2,452964.1,435213.9,212798.8,303037.3,95521.8,277.0,24.3,28.7,625,19.0,37.6,961,2653,2542,3615,10850,14439,15762,4154,5861,620
1773135821,3,31262176.0,30328962.0,2804079.8,2555223.0,454715.5,436808.6,213899.7,304289.5,95523.6,286.4,24.5,28.4,721,18.9,37.7,961,2652,2542,3615,10853,14441,15761,4154,5860,621
1773136121,3,31435104.0,30564896.0,2822660.0,2564650.8,455724.7,437772.1,213739.5,303677.2,95531.0,289.0,24.4,28.7,678,18.9,37.7,961,2655,2541,3616,10851,14442,15764,4155,5860,620
1773136423,3,31472206.0,30592082.0,2824601.0,2576370.8,456711.3,438704.3,215004.9,304747.1,95529.5,285.3,24.4,28.7,681,18.9,37.7,961,2653,2543,3615,10852,14443,15766,4155,5862,621
1773136722,3,31723944.0,30785686.0,2839830.8,2584626.8,460003.6,441396.8,215432.2,305655.0,95526.9,283.1,24.5,28.5,650,19.0,37.6,960,2652,2542,3615,10852,14441,15763,4154,5862,620
1773137022,3,31835338.0,30851696.0,2861999.8,2596362.2,461227.8,442476.7,215942.8,307025.2,95530.0,285.8,24.4,28.5,683,18.9,37.7,961,2651,2542,3615,10852,14440,15764,4155,5861,620
1773137324,3,32009480.0,31203824.0,2869565.0,2611195.8,462747.0,443520.5,216881.4,306734.3,95527.8,273.5,24.4,28.6,690,18.8,37.8,960,2654,2541,3615,10851,14443,15764,4155,5860,621
1773137621,3,32226286.0,31362578.0,2884097.2,2622373.2,464521.2,445362.7,217186.5,307626.2,95521.3,276.3,24.3,28.7,701,18.8,37.9,961,2652,2541,3615,10849,14438,15761,4154,5860,620
1773137921,3,32346890.0,31381816.0,2893111.2,2633425.0,466692.2,446902.0,218127.6,308094.2,95519.5,280.1,24.3,28.7,661,18.9,37.8,961,2656,2542,3616,10853,14446,15765,4155,5861,621
1773138222,3,32440792.0,31460946.0,2902771.0,2638965.2,466298.6,448593.8,218297.2,309003.0,95522.6,271.8,24.4,28.6,645,18.9,37.8,961,2653,2542,3615,10837,14429,15752,4144,5806,616
1773138522,3,32670880.0,31777262.0,2929374.8,2659418.2,468621.6,449820.3,218545.3,309282.5,95528.4,270.9,24.4,28.6,681,18.9,37.7,961,2651,2541,3615,10848,14439,15763,4154,5860,620
1773138822,3,32853456.0,31885458.0,2927942.8,2666679.8,470538.6,451857.8,218888.5,309168.4,95533.8,282.1,24.4,28.5,659,18.9,37.7,961,2653,2542,3615,10851,14442,15764,4155,5861,621
1773139123,3,32895290.0,32005296.0,2958656.2,2686456.0,472756.0,455190.4,219809.5,310973.0,95530.7,283.3,24.3,28.8,649,18.9,37.8,961,2652,2542,3615,10850,14440,15764,4155,5860,620
1773139421,3,33089926.0,32168560.0,2962424.8,2697740.2,473504.7,457345.5,220159.2,311172.5,95532.5,275.5,24.4,28.6,643,18.9,37.8,961,2652,2542,3615,10843,14433,15754,4150,5835,619
1773139721,3,33243290.0,32278618.0,2976713.0,2702241.0,474441.3,456538.9,220785.5,311806.3,95528.3,477.5,23.9,29.2,609,18.8,37.9,960,2650,2541,3615,10849,14439,15763,4154,5859,620
1773140022,3,33445544.0,32458678.0,2982307.2,2703149.0,477174.3,459211.8,221451.5,312618.6,95530.5,278.5,24.3,28.6,621,18.8,37.9,961,2652,2541,3615,10849,14440,15762,4154,5857,620
1773140322,3,33623108.0,32565024.0,2997142.8,2735527.8,478375.3,460963.8,221466.0,313288.7,95523.3,285.2,24.1,29.0,351,18.9,37.8,961,2656,2542,3615,10850,14442,15764,4155,5861,621
1773140622,3,33651404.0,32717750.0,3010444.0,2743777.2,478894.2,462696.2,222056.1,313782.5,95529.3,278.7,24.3,28.8,646,18.8,37.9,961,2656,2542,3616,10854,14442,15766,4155,5860,621
1773140923,3,33808684.0,32794630.0,3016711.2,2753233.0,481198.5,463966.5,222174.4,314309.8,95530.6,280.0,24.3,28.7,682,18.9,37.8,961,2652,2542,3615,10850,14438,15761,4154,5861,620
1773141221,3,34069532.0,33098646.0,3039329.8,2766896.8,482900.8,464456.3,223273.2,315324.1,95531.1,271.7,24.3,28.7,600,18.8,37.9,961,2654,2542,3615,10848,14442,15764,4155,5860,620
1773141521,3,34005892.0,33116622.0,3052119.2,2782419.8,483968.8,466445.1,223277.7,315356.9,95526.6,279.6,24.3,28.8,639,18.8,37.8,961,2654,2541,3615,10850,14440,15762,4154,5859,620
1773141821,3,34249732.0,33294646.0,3056544.2,2800222.8,485042.7,468597.9,223409.6,316142.2,95523.0,356.7,24.3,28.7,666,18.9,37.8,961,2653,2542,3615,10853,14442,15765,4155,5860,620
1773142122,3,34492024.0,33529144.0,3078212.8,2808811.2,487372.3,469890.0,224393.7,316792.5,95523.2,276.7,24.3,28.7,635,18.9,37.7,961,2654,2542,3616,10853,14442,15766,4155,5860,621
1773142422,3,34575388.0,33586188.0,3094017.0,2822347.0,488216.2,471260.1,224837.5,317438.8,95525.3,285.0,24.3,28.7,665,18.8,37.8,961,2652,2542,3614,10850,14440,15760,4154,5861,621
1773142722,3,34792572.0,33723528.0,3102600.8,2823172.0,489845.4,472372.6,225636.5,317787.5,95524.7,277.9,24.4,28.6,653,18.9,37.9,960,2651,2541,3614,10850,14441,15764,4155,5861,621
1773143022,3,34903284.0,33915484.0,3114542.8,2842691.8,491342.4,473135.2,225602.6,319395.5,95534.9,281.3,24.4,28.6,644,18.8,37.9,960,2654,2542,3615,10850,14441,15762,4155,5860,620
1773143321,3,34944028.0,34157296.0,3132845.8,2854159.2,493331.2,475957.2,226922.9,320925.0,95535.6,282.9,24.3,28.7,693,18.8,37.9,960,2652,2542,3614,10851,14438,15762,4154,5860,621
1773143621,3,35281436.0,34373628.0,3141320.0,2867506.2,494132.1,476597.0,227041.4,321155.0,95528.5,279.5,24.3,28.6,655,18.8,37.9,961,2657,2542,3616,10855,14446,15765,4156,5861,620
1773143922,3,35439256.0,34432188.0,3163189.2,2892465.8,497321.8,479353.1,228138.9,321646.8,95537.3,275.0,24.3,28.7,630,18.8,37.9,960,2652,2541,3614,10849,14437,15762,4153,5859,620
1773144222,3,35708916.0,34617360.0,3170339.2,2898959.2,498158.8,479993.8,228096.8,323109.5,95533.8,274.9,24.4,28.6,681,18.8,37.9,961,2654,2542,3615,10850,14441,15759,4154,5859,620
1773144523,3,35844004.0,34753292.0,3186133.2,2913298.8,501466.8,482194.7,229265.2,323096.0,95534.9,277.4,24.4,28.6,673,18.8,37.8,961,2654,2542,3615,10851,14438,15764,4154,5861,620
1773144821,3,35972672.0,34947728.0,3201485.8,2917239.0,502824.5,483427.2,229327.0,323746.0,95536.3,277.5,24.3,28.6,708,18.9,37.8,961,2652,2542,3615,10849,14438,15761,4154,5859,620
1773145121,3,36215612.0,35214572.0,3209206.2,2933363.0,502928.2,484260.7,230234.3,324012.6,95537.8,272.0,24.3,28.7,609,18.9,37.8,961,2654,2543,3615,10852,14442,15763,4154,5854,620
1773145422,3,36340236.0,35299504.0,3223811.0,2947938.8,505835.6,486821.8,230776.5,324681.5,95542.9,435.0,24.3,28.6,670,18.8,37.8,961,2653,2542,3616,10852,14441,15765,4155,5859,620
1773145722,3,36493684.0,35394724.0,3238241.8,2963174.0,506428.7,488187.2,231368.1,325677.9,95548.3,283.4,24.3,28.6,517,18.8,37.9,960,2654,2543,3615,10854,14444,15768,4156,5862,621
1773146022,3,36574544.0,35598848.0,3255919.8,2980243.8,507870.5,489968.5,231977.7,326356.9,95551.3,277.5,24.5,28.4,582,18.9,37.8,961,2654,2542,3615,10852,14443,15765,4155,5861,621
1773146323,3,36897260.0,35931060.0,3265769.0,3003165.2,512211.5,493434.7,232920.8,327814.0,95558.3,271.4,24.5,28.1,684,19.0,37.5,962,2658,2543,3616,10854,14445,15767,4156,5861,620
1773146621,3,37441500.0,36343552.0,3302760.8,3025313.0,515842.0,496841.4,233772.5,328989.1,95559.5,269.6,24.4,28.2,668,19.1,37.2,961,2658,2543,3616,10853,14446,15764,4156,5862,620
1773146921,3,37784388.0,36605652.0,3338451.8,3062827.0,518151.6,499302.6,235304.0,329584.2,95570.5,271.0,24.4,28.1,640,19.1,37.0,962,2666,2544,3618,10855,14452,15771,4157,5863,620
1773147222,3,37912864.0,36819980.0,3368197.2,3075890.2,520079.3,500116.2,235600.3,330641.3,95574.8,276.8,24.5,28.1,652,19.0,37.1,962,2659,2543,3616,10854,14444,15767,4156,5862,621
1773147522,3,38233412.0,37189120.0,3364065.8,3090304.2,522279.0,503517.2,235662.7,332258.9,95574.0,272.9,24.5,28.2,676,19.0,37.1,961,2659,2543,3617,10853,14445,15768,4155,5862,620
1773147822,3,38186940.0,37106516.0,3386073.8,3109078.0,524463.7,503442.1,235944.4,332314.5,95577.6,277.7,24.5,28.2,606,19.1,37.1,962,2659,2543,3617,10854,14450,15768,4156,5863,621
1773148123,3,38395404.0,37340520.0,3398159.0,3118942.0,525951.1,504969.6,236108.5,331895.0,95581.6,279.2,24.6,28.1,668,19.0,37.2,962,2658,2542,3616,10854,14446,15765,4156,5863,621
1773148421,3,38711652.0,37626668.0,3407738.8,3127471.0,527362.1,506869.4,236880.5,333779.1,95581.5,278.8,24.6,28.1,667,19.0,37.2,962,2659,2542,3616,10854,14447,15769,4156,5864,620
1773148721,3,38827596.0,37677468.0,3419532.8,3138844.0,528430.0,508368.9,237355.4,334474.2,95588.8,277.8,24.5,28.1,659,19.0,37.2,962,2664,2544,3617,10857,14453,15772,4157,5864,621
1773149021,3,38937452.0,37857004.0,3432371.2,3149217.8,530092.2,509178.0,237274.2,335385.5,95594.2,276.9,24.5,28.2,615,19.0,37.3,962,2664,2544,3618,10856,14453,15772,4157,5864,621
1773149322,3,39102500.0,37892928.0,3443439.2,3164244.8,530911.6,511353.1,238195.6,334708.8,95603.2,279.9,24.5,28.3,641,19.0,37.2,962,2666,2544,3617,10858,14454,15772,4158,5864,621
1773149621,3,39098148.0,38101904.0,3455168.8,3172855.8,532583.9,512025.7,239112.1,335811.2,95609.8,295.9,24.4,28.3,638,19.0,37.3,962,2665,2544,3617,10857,14450,15774,4157,5865,621
1773149921,3,39291532.0,38159676.0,3459802.8,3176302.0,534255.2,513309.6,238712.9,335918.2,95613.7,286.2,24.5,28.3,623,18.9,37.4,962,2668,2543,3617,10857,14451,15772,4157,5864,621
1773150222,3,39481904.0,38382436.0,3476051.2,3193729.8,535205.4,514258.2,239253.6,336693.2,95610.6,276.7,24.4,28.3,569,18.9,37.5,962,2667,2544,3618,10857,14454,15774,4158,5862,621
1773150522,3,39583940.0,38482048.0,3473851.0,3190028.8,536726.8,516895.8,239076.7,336669.8,95611.0,267.2,24.3,28.5,575,18.9,37.5,961,2662,2539,3611,10854,14450,15770,4156,5857,620
1773150821,3,39830604.0,38707116.0,3497503.2,3209937.8,538001.5,517259.0,239840.0,337839.8,95616.1,282.0,24.4,28.3,595,18.9,37.5,962,2661,2543,3617,10857,14450,15772,4157,5862,621
1773163656,3,39860644.0,38837084.0,3508651.8,3220963.0,539615.2,519049.8,240612.6,337961.8,95608.4,656.9,23.4,30.3,657,18.8,38.4,960,2659,2529,3600,10839,14435,15758,4142,5781,614
1773209322,3,11969940.0,11573700.0,1238786.1,1144597.1,223036.8,216888.2,127917.9,205681.1,102298.9,272.2,21.6,35.7,842,18.0,43.2,992,2319,2752,2470,7010,6555,10004,2507,19438,1872
1773209623,3,18144816.0,17692168.0,1853417.4,1728035.9,322707.2,312701.5,158970.1,234716.2,102304.9,348.4,23.1,32.9,589,18.6,42.0,990,2302,2734,2449,10486,9800,14993,3748,29100,2805
1773229643,3,22218522.0,21727618.0,2170087.8,2025049.6,372617.5,360745.0,174076.0,252078.5,102308.2,314.2,23.3,32.6,535,19.2,40.4,990,2305,2736,2454,10471,9773,14998,3749,29112,2810
