1773368164,3,4226368.5,4100227.8,555215.8,522526.9,116355.8,115836.5,69776.8,114324.1,101975.1,315.1,23.4,40.5,846,19.6,49.8,655,1363,2096,2646,7884,11404,9185,3110,10554,807
1773368519,3,7273713.5,7079385.5,856869.1,801693.8,166664.6,163601.5,92993.4,141612.7,101963.9,267.9,22.3,43.0,879,18.7,51.2,1012,1774,2923,3974,10594,16395,12234,3594,13601,1126
1773368820,3,9377657.0,9214247.0,1100923.5,1044844.9,216045.2,212745.0,112780.4,164388.3,101958.3,383.9,23.2,40.7,874,19.1,50.4,1002,1792,2939,3974,10715,16390,12582,3578,13729,1113
1773369121,3,11998151.0,11742120.0,1338933.8,1268070.5,254907.0,250024.2,127510.1,183348.8,101947.5,383.8,23.9,39.3,878,19.2,50.0,1001,1790,2939,3973,10711,16383,12574,3575,13724,1113
1773369419,3,14089040.0,13774456.0,1520211.4,1438397.1,282649.8,276245.1,138893.1,198341.6,101938.7,373.9,23.9,39.1,852,19.4,49.6,1003,1791,2940,3974,10713,16387,12575,3576,13727,1113
1773369720,3,15700585.0,15365336.0,1664435.0,1574958.6,304260.8,296423.8,148049.8,210188.3,101927.0,368.9,24.0,39.1,843,19.5,49.4,998,1780,2937,3942,10712,16355,12576,3567,13632,1105
1773370021,3,17009442.0,16656911.0,1787280.1,1683486.1,321795.9,313076.7,154997.8,220257.8,101914.8,465.5,24.1,38.7,730,19.3,49.5,1001,1797,2945,3967,10743,16384,12619,3573,13675,1109
1773370321,3,18165006.0,17769056.0,1886705.0,1778750.9,335967.5,326974.5,161888.8,228791.6,101905.7,383.4,24.0,38.9,808,19.3,49.6,1000,1792,2940,3962,10736,16374,12615,3566,13657,1107
1773371130,3,19210422.0,18788742.0,1974452.9,1859035.0,354992.6,341989.9,167579.0,236238.1,101887.1,199.5,23.3,40.2,924,19.2,50.0,1001,1801,2945,3960,10723,16370,12575,3572,13619,1111
1773430529,3,946705.7,934796.5,167003.6,161415.7,41439.9,41956.2,39434.4,87799.5,101430.9,264.1,23.9,40.8,647,19.3,52.4,942,1785,2874,3803,10614,15759,12574,3496,12700,1029
1773430830,3,5364520.0,5289976.0,697954.4,666029.4,144297.8,144098.2,87124.2,140904.2,101431.7,301.0,24.0,40.5,680,19.3,52.1,941,1784,2878,3808,10642,15789,12604,3498,12722,1031
1773431130,3,9518985.0,9360888.0,1111868.4,1056196.6,218921.3,216629.0,115918.6,172464.6,101413.9,312.9,23.9,40.6,618,19.1,52.1,942,1783,2880,3810,10644,15794,12608,3498,12728,1031
1773433358,3,12412045.0,12212059.0,1381897.5,1311032.1,263487.7,259885.0,133527.3,194281.8,101396.9,505.1,23.0,42.7,702,18.8,53.3,942,1785,2879,3809,10645,15794,12609,3499,12724,1032
1773617006,3,1038696.6,1011610.8,148007.0,134870.5,30501.0,30722.5,30037.0,71847.0,102412.3,232.0,20.8,33.7,788,17.4,40.7,13,67,98,166,741,120,1352,67,2585,472
1773617307,3,4627586.0,4517213.5,635470.6,607767.5,134908.8,135867.9,80679.6,131663.4,102407.1,275.7,22.0,31.6,724,18.0,39.8,14,69,101,169,752,132,1366,70,2611,474
1773617608,3,10289697.0,10125383.0,1212973.4,1150290.0,234010.4,231320.7,117692.2,172455.6,102415.3,276.8,22.6,30.8,743,18.4,39.0,14,69,101,169,750,132,1363,70,2606,473
1773617906,3,15299804.0,14991768.0,1660099.9,1573608.4,302778.4,296523.9,144252.9,204820.0,102388.9,272.0,22.7,30.6,710,18.6,38.6,14,69,101,170,754,132,1369,70,2616,473
1773618208,3,19772778.0,19313352.0,2022767.0,1912704.4,357566.9,347899.0,163800.4,229826.9,102388.1,263.6,22.7,30.5,752,18.7,38.3,14,69,101,169,752,132,1367,70,2613,473
1773618509,3,23274350.0,22749048.0,2310800.8,2176538.8,400234.4,390925.0,179641.1,248321.9,102411.4,266.8,22.9,30.3,739,18.7,38.2,14,69,101,169,753,132,1367,70,2614,473
1773618807,3,26525200.0,25901454.0,2554906.0,2393815.0,434906.2,422888.0,193355.9,264241.2,102410.9,271.8,22.8,30.4,747,18.7,38.1,14,69,101,170,756,132,1374,70,2625,475
1773619109,3,29222114.0,28481808.0,2754838.5,2600321.2,464049.6,450512.3,203573.2,276862.3,102376.9,276.0,22.8,30.5,742,18.7,38.1,14,69,101,170,757,132,1376,70,2629,475
1773619407,3,31540666.0,30827114.0,2930642.2,2757115.2,488870.9,473878.7,213388.9,288128.6,102343.1,278.6,22.8,30.4,745,18.7,38.0,14,69,101,170,755,132,1372,70,2622,475
1773619708,3,33691580.0,32871606.0,3084244.0,2903115.2,510169.1,493693.2,222364.4,297806.1,102345.8,277.6,22.8,30.4,739,18.8,38.0,14,69,101,170,757,132,1375,70,2628,475
1773620007,3,35433020.0,34477668.0,3224332.8,3027996.2,528019.2,510817.9,228232.5,306541.6,102346.7,280.7,22.8,30.5,735,18.7,38.0,14,69,101,171,759,132,1378,70,2633,475
1773620308,3,37166324.0,36179440.0,3370213.8,3148879.8,544321.8,526122.3,233897.2,313922.9,102331.0,278.9,22.8,30.4,733,18.7,38.0,14,69,101,170,756,132,1374,70,2626,475
1773620607,3,38690512.0,37721764.0,3500682.2,3256967.0,559059.3,540265.3,239595.9,320222.9,102298.3,278.8,22.8,30.3,728,18.7,37.9,14,69,101,170,755,132,1373,70,2624,475
1773620908,3,40596140.0,39135024.0,3612425.8,3367520.2,570583.8,551649.2,244648.2,327716.1,102285.9,280.4,22.9,30.4,723,18.8,37.8,14,69,101,170,757,132,1375,70,2627,474
1773621206,3,41842692.0,40643468.0,3701835.0,3471425.2,584212.9,561623.5,248543.1,332453.3,102324.5,276.9,22.8,30.4,735,18.8,37.8,14,69,101,170,756,132,1374,70,2626,475
1773621508,3,43145840.0,41821800.0,3783440.8,3546004.0,594644.1,572909.8,252174.8,337550.3,102322.0,277.6,22.9,30.2,761,18.7,37.9,14,69,101,170,757,132,1376,70,2629,475
1773621806,3,44124916.0,42973840.0,3863702.2,3619744.8,604102.7,582001.5,255654.1,343225.3,102280.7,277.0,22.9,30.3,729,18.8,37.9,14,69,101,170,757,132,1375,70,2629,476
1773622108,3,45338192.0,43962604.0,3935984.2,3692194.2,613020.3,591063.3,259155.1,348557.5,102247.3,283.8,22.8,30.4,730,18.7,37.9,14,69,102,171,760,133,1381,70,2639,477
1773622406,3,46159184.0,44909584.0,4006520.8,3753561.2,620796.2,598787.4,261834.0,352258.4,102245.2,282.4,22.9,30.4,759,18.7,37.9,14,69,101,170,756,132,1374,70,2626,476
1773622707,3,47180256.0,45795296.0,4066085.0,3816084.8,629307.3,605914.3,265270.6,357054.1,102233.3,283.2,22.9,30.3,726,18.7,37.9,14,69,101,170,756,132,1375,70,2627,475
1773623009,3,47965292.0,46687244.0,4126541.8,3870509.0,637039.6,613292.1,267251.9,360717.1,102198.4,282.1,22.9,30.3,552,18.7,37.9,14,66,97,165,749,125,1367,66,2607,474
1773623307,3,48830708.0,47505892.0,4189519.8,3923397.2,642744.4,619198.2,269906.1,363017.1,102177.0,279.1,22.9,30.3,692,18.7,37.9,14,69,101,170,757,132,1376,70,2630,475
1773623608,3,49600988.0,48079796.0,4233244.0,3974338.0,648886.2,624879.5,271985.3,365845.3,102194.5,278.8,22.8,30.4,686,18.7,37.9,14,67,98,166,752,127,1371,66,2616,475
1773633170,3,49967284.0,48480160.0,4271565.5,4005082.2,653885.2,630342.2,273674.2,368107.0,102192.8,147.1,22.3,31.8,711,18.5,39.3,3,24,32,39,48,47,50,33,136,6
1773710774,3,1577431.4,1566120.6,257115.9,248468.8,56633.0,55989.4,50535.9,110872.9,101475.0,340.0,23.2,37.0,796,19.5,45.0,946,2307,2556,3672,10866,14316,13980,3741,36808,3155
