1781849220,3AC,1211378.9,1248831.0,169724.2,154118.9,38301.7,44064.2,46098.6,74172.8,105162.9,0.0,26.4,20.3,35,22.6,37.9,1325,9060,10451,12609,15861,16143,16273,11407,49359,2586
1781849521,3AC,1119228.4,1157441.6,159116.6,145514.4,36526.1,41774.6,44505.1,72732.4,105049.5,0.0,26.5,21.3,59,22.7,38.5,1326,9061,10452,12607,15855,16139,16268,11403,49341,2586
1781851021,3AC,1013926.7,1042178.8,146901.9,134058.8,34031.3,38641.4,42289.6,70570.3,104444.4,0.0,26.8,23.7,53,23.0,40.6,1328,9077,10473,12626,15870,16157,16287,11417,49407,2590
1781853121,3AC,990209.5,1007661.0,143711.4,130661.8,33002.5,37367.0,41492.6,70243.0,103678.9,0.0,27.0,25.3,32,23.2,42.1,1330,9092,10494,12641,15887,16175,16307,11430,49478,2593
1781853719,3AC,985232.8,1002831.9,143066.4,130286.3,32941.8,37210.0,41387.4,70636.3,103486.0,0.0,27.1,25.6,12,23.3,42.5,1331,9096,10502,12647,15894,16181,16313,11434,49501,2592
1781857921,3AC,981262.6,988311.6,142760.3,129947.6,32891.0,36898.6,41145.1,71291.6,102428.7,0.0,27.3,27.3,26,23.5,44.1,1334,9119,10532,12676,15923,16210,16344,11457,49606,2596
1781868719,3AC,1097053.5,1107749.5,156455.1,144476.5,36186.8,40383.2,42359.8,74134.1,101217.0,0.0,27.3,29.5,12,23.5,46.4,1339,9160,10580,12733,15977,16264,16403,11498,49806,2605
1781871418,3AC,1141041.5,1150002.6,161984.0,148892.7,37302.1,41752.0,42836.8,75139.3,101097.9,0.0,27.3,29.9,7,23.5,46.8,1341,9166,10589,12744,15985,16270,16410,11502,49831,2609
1781890618,3AC,1452158.5,1472996.9,199026.2,184295.9,45351.5,50613.2,48818.7,84107.7,100883.5,0.0,27.3,31.4,31,23.5,48.4,1348,9217,10649,12815,16059,16342,16485,11556,50078,2622
1781893019,3AC,1478399.1,1506817.0,203706.2,188354.5,46289.0,51827.8,49716.5,85672.6,100856.9,0.0,27.2,31.6,25,23.5,48.5,1348,9218,10653,12819,16060,16344,16489,11558,50082,2621
1781893320,3AC,1497451.1,1517715.1,205470.7,188928.3,46466.4,52019.2,49824.8,85745.6,100853.6,0.0,27.2,31.6,34,23.4,48.5,1349,9221,10655,12823,16065,16349,16491,11561,50096,2622
1781896318,3AC,1537002.0,1572135.4,211217.5,194101.4,47607.4,53435.3,50938.2,87660.4,100830.4,0.0,27.2,31.7,42,23.4,48.7,1349,9225,10660,12831,16074,16354,16502,11568,50130,2622
1781898421,3AC,1589140.6,1615621.6,215662.5,197615.1,48382.2,54337.0,51806.2,89006.5,100817.1,0.0,27.2,31.9,43,23.4,48.7,1349,9228,10664,12833,16071,16354,16501,11568,50131,2624
1781899019,3AC,1585695.5,1619843.4,216351.5,199274.5,48596.8,54637.4,51977.1,89557.8,100813.2,0.0,27.2,31.9,22,23.4,48.8,1350,9233,10666,12839,16081,16362,16507,11573,50154,2623
1781899320,3AC,1589721.5,1621085.4,216427.4,199895.5,48734.9,54664.7,52058.8,89539.1,100810.9,0.0,27.2,31.9,39,23.4,48.8,1350,9231,10667,12837,16081,16364,16508,11572,50152,2625
1781900519,3AC,1613917.5,1641453.5,219731.2,201739.9,49182.4,55202.9,52552.4,90320.4,100800.1,0.0,27.2,31.9,21,23.4,48.8,1350,9235,10671,12843,16085,16366,16512,11575,50168,2624
1781903220,3AC,1663504.9,1697370.9,225569.7,208140.4,50408.0,56379.8,53586.1,92014.5,100776.6,0.0,27.2,32.0,41,23.4,48.9,1351,9239,10676,12848,16090,16372,16519,11580,50190,2625
1781908019,3AC,1737148.6,1764694.6,233432.9,216073.1,52436.4,57949.0,55273.7,94602.1,100768.6,0.0,27.3,32.2,47,23.5,49.1,1352,9245,10687,12862,16103,16385,16532,11589,50230,2627
1781909519,3AC,1748558.0,1774890.6,235733.9,217434.9,52766.8,58295.3,55545.9,95268.4,100788.5,0.0,27.4,32.2,36,23.6,49.1,1353,9248,10690,12863,16104,16385,16533,11589,50236,2628
1781909820,3AC,1746259.5,1773639.0,235498.3,218007.2,52762.3,58290.7,55562.7,95371.4,100791.0,0.0,27.4,32.2,18,23.7,49.1,1353,9251,10695,12865,16106,16387,16536,11592,50246,2629
1781912520,3AC,1767479.0,1798716.4,238434.4,220561.6,53241.0,58783.3,55928.4,96617.2,100800.4,0.0,27.6,32.2,44,23.9,49.2,1354,9255,10702,12868,16112,16395,16542,11598,50282,2630
1781917921,3AC,1822460.1,1855936.5,244835.9,226592.3,54496.1,60112.5,57376.5,98348.7,100748.0,0.0,27.9,32.3,44,24.1,49.4,1356,9268,10722,12883,16123,16406,16556,11608,50326,2629
1781919119,3AC,1834461.1,1870780.4,246691.5,228573.4,54842.6,60332.1,57517.9,99068.5,100736.3,0.0,27.9,32.4,59,24.2,49.5,1356,9267,10722,12881,16121,16406,16552,11606,50324,2630
1781922420,3AC,1871625.9,1907410.9,251700.9,232490.2,55749.2,61292.0,58807.7,100707.0,100718.8,0.0,28.0,32.5,42,24.2,49.6,1356,9270,10726,12884,16124,16409,16558,11609,50333,2629
1781925119,3AC,1920128.5,1951366.5,256384.1,236701.1,56576.5,62003.5,59489.0,102245.5,100719.5,0.0,28.1,32.6,53,24.3,49.6,1358,9279,10737,12900,16137,16423,16572,11618,50378,2634
1781926320,3AC,1933279.5,1966043.4,257934.4,238142.3,57058.3,62266.4,59882.5,102863.3,100723.8,0.0,28.0,32.6,69,24.3,49.7,1357,9277,10737,12899,16139,16424,16573,11620,50382,2632
1781929920,3AC,1973549.9,2009422.5,263973.5,244266.1,58118.6,63576.7,61243.4,104849.1,100751.8,0.0,28.1,32.7,72,24.3,49.7,1359,9285,10747,12910,16148,16432,16580,11625,50406,2635
1781940719,3AC,2862228.8,2891346.0,353081.9,319743.7,73927.9,79420.0,79367.5,133014.4,103343.5,0.0,28.0,27.0,33,24.3,43.8,1360,9297,10759,12925,16163,16447,16601,11640,50471,2637
1781943118,3AC,2778067.8,2815464.8,347676.4,314582.8,73151.2,78478.7,78671.6,132057.1,102750.5,0.0,28.0,27.5,37,24.3,44.4,1361,9302,10764,12931,16170,16452,16601,11643,50491,2639
1781943719,3AC,2764625.0,2798543.8,347497.3,313866.5,73036.3,78306.4,78597.6,131906.8,102630.9,0.0,28.0,27.7,21,24.3,44.5,1361,9301,10764,12930,16171,16451,16603,11641,50496,2637
1781947919,3AC,2738886.8,2768015.0,344937.9,312675.7,72726.7,78029.5,78054.3,131365.8,102024.7,0.0,28.1,28.4,9,24.3,45.2,1362,9307,10770,12938,16177,16461,16613,11646,50509,2638
1781950318,3AC,2738105.2,2771407.2,344509.6,312432.2,72574.1,78032.8,77958.7,131331.0,101815.8,0.0,28.1,28.6,10,24.3,45.5,1362,9309,10773,12942,16181,16465,16616,11650,50527,2641
1781950621,3AC,2720954.2,2756088.2,344473.2,312965.7,72789.6,78083.8,78153.1,131272.5,101793.0,0.0,28.1,28.7,16,24.3,45.6,1362,9311,10775,12943,16181,16462,16616,11650,50526,2641
1781951818,3AC,2738288.0,2765279.8,344455.4,312882.3,72739.6,78021.7,78158.6,131338.6,101715.2,0.0,28.1,28.7,7,24.3,45.6,1362,9310,10776,12944,16182,16465,16617,11650,50534,2642
1781956019,3AC,2722949.8,2753929.2,345568.8,314361.5,73068.5,78210.2,78291.0,132169.4,101535.3,0.0,28.1,29.2,21,24.4,46.1,1363,9315,10782,12951,16190,16472,16626,11657,50562,2642
1781960219,3AC,2758032.2,2779673.0,348580.8,316596.5,73465.0,78948.4,78919.7,132808.7,101433.0,0.0,28.1,29.5,19,24.4,46.4,1363,9317,10785,12955,16191,16475,16628,11659,50570,2642
1781964119,3AC,2767389.2,2798959.8,350773.2,320420.0,74066.1,79557.3,79426.2,133658.7,101405.0,0.0,28.2,29.7,17,24.4,46.7,1364,9321,10790,12961,16198,16481,16635,11663,50592,2644
1781965021,3AC,2799457.8,2819255.0,352221.8,321220.0,73987.0,79539.2,79514.2,133871.5,101400.0,0.0,28.2,29.8,7,24.4,46.7,1364,9322,10791,12963,16200,16481,16634,11663,50591,2643
1781965920,3AC,2784302.8,2805443.8,351737.8,321526.8,74437.4,79710.5,79551.1,133837.5,101393.6,0.0,28.2,29.9,28,24.4,46.8,1364,9321,10792,12960,16197,16481,16635,11661,50589,2644
1781966221,3AC,2782089.0,2807860.2,352994.2,321610.5,74431.8,79731.0,79660.4,134237.0,101391.0,0.0,28.2,29.8,35,24.4,46.8,1364,9319,10790,12957,16195,16478,16633,11659,50587,2642
1781969520,3AC,2848941.2,2859312.2,357483.4,326856.0,75058.9,80366.3,80537.4,135598.5,101365.4,0.0,28.1,30.0,19,24.4,47.0,1364,9321,10791,12964,16200,16481,16636,11664,50589,2644
1781974321,3AC,2871131.8,2880881.0,361501.6,331191.2,76060.5,81178.5,81747.4,137190.3,101369.5,0.0,28.1,30.3,37,24.4,47.2,1365,9326,10799,12972,16210,16493,16649,11672,50627,2644
1781975821,3AC,2891970.2,2904941.8,363764.0,332887.8,76356.5,82032.1,82168.4,137469.6,101368.0,0.0,28.1,30.3,46,24.4,47.3,1365,9326,10799,12972,16209,16490,16643,11667,50625,2646
1781977020,3AC,2906136.2,2913659.2,365480.3,334463.8,76593.6,82418.8,82576.7,138246.2,101368.1,0.0,28.1,30.4,28,24.3,47.4,1365,9326,10798,12972,16212,16491,16645,11672,50631,2645
1781977618,3AC,2922303.2,2934769.0,366528.8,335048.6,76810.4,82297.5,82607.3,138343.3,101369.1,0.0,28.1,30.4,18,24.3,47.3,1365,9328,10797,12972,16208,16491,16647,11669,50626,2645
1781983018,3AC,2999502.8,3000376.8,374652.1,342079.6,78087.6,83745.3,83496.8,140412.4,101385.4,0.0,28.1,30.6,23,24.3,47.6,1366,9332,10805,12983,16218,16499,16652,11677,50655,2645
1781986919,3AC,3023085.2,3030387.2,378314.7,347113.6,78997.2,84645.8,84702.0,141757.9,101381.4,0.0,28.1,30.7,40,24.3,47.7,1366,9335,10811,12984,16223,16502,16657,11678,50662,2646
1781987519,3AC,3054923.2,3055068.0,379768.2,346257.6,79279.8,84623.3,84810.9,142393.2,101377.1,0.0,28.1,30.7,24,24.3,47.7,1366,9333,10806,12985,16223,16504,16656,11680,50665,2646
1781987820,3AC,3043235.2,3036567.2,380216.3,346555.3,79291.5,84760.4,84945.1,142135.9,101376.3,0.0,28.1,30.7,23,24.3,47.7,1366,9333,10809,12984,16222,16501,16658,11677,50658,2647
1781989920,3AC,3080295.8,3075737.2,382653.8,349447.2,79873.0,85202.2,85276.7,142991.1,101368.4,0.0,28.1,30.8,40,24.3,47.8,1366,9335,10810,12988,16223,16505,16660,11681,50673,2648
1781993219,3AC,3091809.2,3090405.8,386205.5,353398.5,80468.3,86169.5,86173.6,144194.0,101355.9,0.0,28.1,30.9,21,24.3,47.9,1366,9337,10812,12989,16224,16506,16663,11679,50676,2648
1781996220,3AC,3136583.2,3136454.8,390185.7,355674.5,81292.8,86424.0,86668.3,145095.6,101347.7,0.0,28.1,31.0,21,24.4,48.0,1367,9341,10817,12994,16231,16514,16670,11686,50698,2648
1781998321,3AC,3163355.2,3157919.2,392538.3,357791.2,81661.7,86893.8,87019.7,146036.9,101323.1,0.0,28.2,31.0,45,24.4,48.0,1367,9342,10820,12996,16234,16514,16668,11686,50703,2650
1781999219,3AC,3171563.0,3158497.0,393526.8,359555.9,81836.5,87038.8,87367.4,146308.1,101307.1,0.0,28.1,31.1,41,24.4,48.0,1367,9341,10818,12995,16235,16513,16669,11686,50708,2648
1782004921,3AC,3301945.8,3287330.8,405986.5,369273.7,83914.5,89142.3,89220.3,149995.4,101190.5,0.0,28.0,31.2,48,24.2,48.1,1368,9342,10820,13003,16239,16516,16668,11688,50709,2650
1782006421,3AC,3336018.0,3327644.8,411062.2,372863.6,84702.2,89820.8,90044.8,151177.7,101153.6,0.0,27.9,31.3,42,24.1,48.2,1367,9342,10818,13004,16241,16518,16672,11690,50716,2649
1782007319,3AC,3369287.8,3353691.8,413585.8,374697.8,85085.3,90398.9,90516.4,151677.2,101136.8,0.0,27.8,31.3,44,24.1,48.2,1368,9344,10819,13009,16243,16521,16678,11693,50723,2650
1782012420,3AC,3494038.8,3480170.0,427151.8,387044.7,87232.0,92381.5,92706.9,155581.7,101126.1,0.0,27.6,31.4,45,23.9,48.3,1367,9343,10817,13011,16247,16523,16680,11694,50732,2650
1782013019,3AC,3505364.8,3494162.0,428519.2,386722.8,87477.5,92756.9,92962.3,155310.2,101131.7,0.0,27.6,31.4,42,23.8,48.3,1368,9345,10820,13016,16253,16528,16688,11698,50750,2652
1782015719,3AC,3556846.0,3540194.0,433767.6,392468.1,88419.1,93674.2,93882.7,157185.2,101163.5,0.0,27.5,31.5,58,23.8,48.3,1368,9343,10816,13013,16250,16527,16681,11694,50728,2651
1782018120,3AC,3624463.2,3586522.0,437339.7,398013.6,89160.8,94576.6,94975.0,158733.8,101201.6,0.0,27.5,31.5,55,23.7,48.4,1368,9345,10817,13014,16254,16527,16686,11697,50740,2654
1782024119,3AC,5593305.5,5466378.0,607913.3,544378.2,117659.5,122537.3,123058.2,202172.2,104819.0,0.0,27.3,24.9,41,23.5,41.6,1368,9350,10819,13026,16261,16536,16692,11703,50763,2653
1782025021,3AC,5428690.5,5281579.5,593605.8,534368.2,116033.0,120754.2,121172.1,198901.1,104453.8,0.0,27.3,25.3,30,23.5,42.1,1369,9353,10821,13025,16265,16536,16697,11704,50773,2656
1782027121,3AC,5191030.5,5065281.5,578616.3,519466.1,113480.5,118288.5,119009.0,196322.8,103743.9,0.0,27.3,26.0,50,23.5,42.7,1368,9353,10823,13028,16271,16541,16700,11707,50787,2657
1782028920,3AC,5076746.0,4973996.0,569757.9,510834.0,111986.9,117114.7,117909.8,194433.2,103272.4,0.0,27.3,26.4,35,23.6,43.1,1368,9350,10822,13027,16266,16536,16697,11705,50778,2656
1782033420,3AC,4924080.0,4820026.0,555732.2,501345.7,110205.2,115099.4,115664.2,191627.2,102478.8,0.0,27.3,27.2,33,23.5,43.8,1369,9354,10826,13033,16270,16543,16702,11709,50799,2655
1782036120,3AC,4870615.5,4772745.5,551894.5,497857.6,109380.1,114529.8,115000.3,190871.5,102186.4,0.0,27.3,27.4,5,23.5,44.1,1369,9355,10829,13036,16279,16550,16709,11713,50812,2658
1782037319,3AC,4862626.5,4764992.5,551260.5,497424.6,109448.6,114181.6,115041.6,190720.5,102083.6,0.0,27.3,27.6,15,23.5,44.2,1370,9358,10830,13040,16279,16550,16709,11715,50814,2658
1782042721,3AC,4825992.5,4722477.5,548224.4,496550.7,108810.0,113835.1,114371.6,189610.2,101780.2,0.0,27.3,28.0,5,23.6,44.7,1369,9358,10832,13040,16282,16554,16710,11716,50820,2659
1782046019,3AC,4837838.0,4730663.5,548180.2,495626.2,108882.1,113930.6,114016.5,189796.8,101685.4,0.0,27.3,28.3,13,23.5,44.9,1370,9363,10838,13048,16289,16563,16720,11723,50851,2658
1782046320,3AC,4823755.5,4718985.5,548493.6,494850.8,108865.0,113705.1,113906.0,189614.1,101678.2,0.0,27.3,28.3,19,23.5,45.0,1369,9361,10834,13044,16281,16554,16713,11714,50828,2657
1782046621,3AC,4830838.5,4722355.5,548430.8,494780.3,108838.5,113699.4,114270.1,189545.6,101671.1,0.0,27.3,28.3,30,23.5,45.0,1369,9359,10833,13042,16281,16551,16712,11715,50817,2658
1782047820,3AC,4821427.5,4718708.5,547626.3,495374.4,108873.7,113747.6,114327.9,189794.5,101647.5,0.0,27.3,28.3,5,23.5,45.0,1370,9361,10837,13046,16287,16561,16718,11719,50849,2658
1782049020,3AC,4827694.0,4729563.5,548368.8,496259.5,109000.7,113864.4,114338.6,189745.2,101629.0,0.0,27.3,28.4,8,23.5,45.1,1370,9361,10834,13046,16284,16559,16719,11718,50841,2659
1782049320,3AC,4817293.5,4709033.5,548443.3,497126.7,109033.1,113876.2,114007.9,189696.1,101624.3,0.0,27.3,28.4,3,23.5,45.2,1370,9358,10834,13041,16277,16549,16708,11713,50813,2656
1782053818,3AC,4850199.5,4734570.0,550499.0,497399.8,109337.0,114020.3,114015.2,190232.1,101578.1,0.0,27.3,28.7,6,23.5,45.4,1370,9362,10837,13048,16286,16559,16715,11719,50843,2657
1782054721,3AC,4852174.5,4728384.5,551384.9,498051.7,109300.6,114213.1,114659.6,190220.2,101570.5,0.0,27.3,28.7,3,23.5,45.4,1370,9360,10836,13046,16284,16555,16712,11716,50834,2657
1782058321,3AC,4861490.0,4744514.0,553917.9,500523.1,109672.6,114252.5,114829.9,190706.6,101553.0,0.0,27.3,28.9,19,23.5,45.6,1371,9365,10841,13053,16292,16562,16723,11722,50849,2660
1782061621,3AC,4879765.5,4764034.5,553582.1,501887.5,110046.1,114724.7,115261.7,191644.1,101539.6,0.0,27.3,29.0,42,23.5,45.7,1371,9366,10842,13055,16296,16566,16723,11725,50869,2658
1782064020,3AC,4887242.5,4775906.0,555492.2,503414.6,110216.4,115020.9,115313.7,192310.3,101526.3,0.0,27.3,29.1,20,23.5,45.8,1371,9366,10843,13056,16295,16568,16727,11726,50874,2659
1782072421,3AC,5007106.0,4884369.5,567817.1,513146.6,112050.7,116581.2,116773.2,194216.9,101459.6,0.0,27.2,29.4,26,23.4,46.1,1371,9365,10843,13061,16297,16568,16726,11726,50874,2660
1782076320,3AC,4998082.5,4858313.5,565640.9,511458.1,111458.3,116178.7,116015.9,193804.2,101489.2,0.0,27.4,29.5,31,23.6,46.2,1372,9370,10851,13062,16301,16570,16731,11730,50889,2660
1782094618,3AC,5122594.0,4988660.0,581968.3,527256.9,113915.0,118345.4,117988.1,197537.7,101100.5,0.0,27.5,29.9,11,23.8,46.7,1372,9378,10862,13074,16312,16584,16745,11738,50934,2662
1782097019,3AC,5210949.5,5066498.5,589661.3,532582.4,114923.5,119125.5,118878.5,198396.2,101064.3,0.0,27.4,30.0,29,23.7,46.8,1373,9378,10863,13074,16312,16582,16740,11735,50925,2661
1782098520,3AC,5279038.5,5103017.5,590932.8,535487.3,115740.6,119565.0,119487.9,199342.8,101050.8,0.0,27.4,30.0,47,23.6,46.8,1372,9373,10858,13070,16307,16579,16740,11733,50908,2661
1782104521,3AC,5394776.5,5208423.5,602036.6,543555.3,117204.5,121500.3,121380.2,201440.1,101055.2,0.0,27.3,30.2,34,23.5,46.9,1372,9375,10858,13074,16314,16585,16744,11738,50931,2664
1782105720,3AC,5421015.5,5232327.5,605281.0,546205.2,117547.0,121878.7,121453.1,202342.5,101064.4,0.0,27.3,30.2,16,23.5,46.9,1373,9376,10859,13079,16318,16587,16747,11739,50942,2662
1782110220,3AC,8625005.0,8276069.5,856426.6,761283.3,153823.4,157365.3,155859.4,253558.3,104616.7,0.0,27.2,23.8,43,23.4,40.4,1373,9381,10860,13082,16319,16588,16747,11740,50946,2664
1782110520,3AC,8543712.0,8155322.5,849425.7,754449.9,152748.0,156047.9,155038.5,252545.1,104487.4,0.0,27.2,24.0,29,23.4,40.5,1373,9380,10859,13083,16321,16589,16750,11743,50948,2664
1782112020,3AC,8143336.0,7808476.0,820372.7,728753.5,149052.3,152796.6,151693.2,248208.8,103904.8,0.0,27.1,24.6,26,23.4,41.2,1374,9382,10861,13088,16327,16597,16756,11747,50975,2664
1782116219,3AC,7637436.0,7324484.5,779755.8,698250.7,144001.8,147588.8,146614.0,241356.8,102762.9,0.0,27.2,25.6,8,23.4,42.1,1373,9381,10862,13088,16328,16594,16755,11745,50961,2664
1782120718,3AC,7373893.5,7080547.5,762690.2,681507.6,141232.4,144695.2,144120.3,238024.5,102075.4,0.0,27.2,26.2,9,23.4,42.8,1373,9381,10864,13089,16324,16593,16752,11743,50957,2666
1782124621,3AC,7241597.5,6947066.0,750478.8,672433.4,139665.8,143342.1,142764.5,235760.6,101740.0,0.0,27.2,26.6,7,23.4,43.2,1374,9384,10867,13092,16328,16596,16758,11747,50973,2667
1782127920,3AC,7184094.5,6902119.5,745709.0,667311.2,139099.7,142338.7,141662.0,234584.8,101572.2,0.0,27.2,26.8,16,23.4,43.4,1373,9383,10866,13092,16326,16598,16758,11746,50971,2667
1782130620,3AC,7136676.5,6855050.5,744280.0,666811.1,138393.6,141958.5,141263.5,234681.0,101480.1,0.0,27.2,27.0,7,23.4,43.6,1375,9387,10871,13098,16336,16607,16765,11752,50998,2667
1782132121,3AC,7108474.0,6829557.5,741458.2,664661.1,138563.6,141884.5,140954.1,233699.9,101446.7,0.0,27.2,27.2,5,23.4,43.7,1374,9383,10867,13093,16330,16598,16757,11748,50980,2666
1782138118,3AC,7075717.5,6797918.5,741070.7,662598.5,138057.3,141382.4,140359.6,233153.8,101381.0,0.0,27.2,27.5,18,23.4,44.1,1375,9387,10872,13101,16335,16604,16766,11753,50996,2666
1782143219,3AC,7116625.5,6824027.5,742958.2,662111.1,137865.7,141351.6,140395.2,233062.5,101361.1,0.0,27.1,27.7,7,23.4,44.3,1375,9389,10874,13101,16338,16608,16767,11754,50994,2669
1782144121,3AC,7095052.0,6782031.5,740806.7,662946.8,137925.2,141108.2,140327.8,232847.4,101368.6,0.0,27.1,27.8,5,23.4,44.4,1375,9391,10874,13106,16340,16611,16769,11756,51013,2666
1782144719,3AC,7064612.0,6797199.5,739529.7,664419.3,137833.2,141150.5,140401.2,232782.7,101375.7,0.0,27.2,27.8,18,23.4,44.4,1375,9389,10875,13107,16343,16613,16772,11757,51019,2668
1782148920,3AC,6958680.0,6694637.5,733111.2,655660.4,136097.6,139426.2,138609.3,229982.8,101431.6,0.0,27.4,27.9,0,23.7,44.6,1375,9388,10877,13101,16337,16609,16770,11754,51009,2666
1782149819,3AC,6938620.5,6675624.0,730591.8,652551.4,135585.2,138861.6,138159.6,229694.0,101438.0,0.0,27.5,28.0,1,23.7,44.7,1376,9387,10882,13104,16337,16610,16768,11751,51004,2667
1782151918,3AC,6852476.0,6578344.5,723917.3,647311.7,134806.4,137950.7,137276.5,228005.1,101441.8,0.0,27.6,28.0,31,23.9,44.7,1376,9389,10884,13106,16337,16615,16771,11755,51021,2668
1782153120,3AC,6860832,6568858.0,722105.3,645403.5,134507.4,137525.4,36603.4,227647.4,101436.8,0.0,27,28.1,9,23.9,44.8,1376,9391,10888,13103,16336,16613,16770,11754,51017,266
1782154018,3AC,6818494.0,6546537.5,721439.5,646062.0,134160.8,137282.4,136337.0,227596.9,101428.4,0.0,27.7,28.1,26,24.0,44.8,1376,9388,10885,13102,16332,16609,16763,11749,50998,2665
1782155819,3AC,6799368.5,6507840.5,719273.2,642907.1,133747.2,137265.0,136109.5,226748.0,101398.6,0.0,27.8,28.2,8,24.0,44.9,1377,9392,10889,13104,16336,16613,16771,11755,51016,2667
1782158221,3AC,6780472.0,6515614.0,717928.1,643783.8,133639.1,136604.4,135805.5,226612.4,101362.3,0.0,27.8,28.2,8,24.1,45.0,1377,9392,10890,13105,16334,16611,16768,11754,51019,2665
1782158518,3AC,6785735.5,6500306.0,719650.2,643839.7,133532.7,136786.6,135598.5,226784.7,101357.0,0.0,27.9,28.3,15,24.1,45.0,1376,9393,10892,13106,16338,16615,16771,11757,51033,2666
1782161521,3AC,6767087.5,6480828.0,717368.6,643575.4,133488.0,136291.5,135445.3,226321.1,101310.4,0.0,27.9,28.3,11,24.1,45.1,1376,9394,10894,13108,16338,16615,16775,11756,51033,2667
1782164820,3AC,6752554.0,6484117.5,718029.8,644758.8,133601.2,136289.0,135771.6,226241.1,101250.6,0.0,27.9,28.5,19,24.2,45.2,1377,9394,10895,13108,16337,16614,16771,11755,51024,2667
1782165421,3AC,6772297.5,6490348.5,718251.7,643931.8,133655.8,136620.0,135599.5,226366.4,101237.4,0.0,27.9,28.5,6,24.2,45.3,1377,9392,10892,13105,16336,16613,16772,11755,51024,2665
1782171719,3AC,6729036.0,6465620.5,717080.5,642930.3,133007.1,136204.7,135017.3,225448.9,101147.9,0.0,28.1,28.6,27,24.3,45.4,1378,9399,10903,13112,16344,16619,16777,11759,51054,2668
1782172020,3AC,6745298.5,6456339.5,718397.2,642060.3,133085.3,135949.0,134895.9,225012.4,101140.3,0.0,28.1,28.6,24,24.3,45.5,1377,9397,10900,13109,16343,16622,16778,11762,51052,2668
1782172320,3AC,6754646.5,6461086.5,718206.4,643630.9,133212.8,136106.5,134957.3,225335.8,101132.3,0.0,28.1,28.7,5,24.3,45.4,1377,9396,10899,13107,16340,16620,16777,11758,51049,2667
1782175320,3AC,6767052.5,6490609.5,721272.9,645060.6,133696.7,136692.9,135349.7,225728.6,101068.4,0.0,28.1,28.8,4,24.3,45.5,1377,9397,10900,13111,16342,16620,16775,11758,51047,2665
1782176519,3AC,6796269.5,6526222.0,722468.6,645204.6,133732.9,136419.3,135223.9,226655.4,101047.7,0.0,28.1,28.8,7,24.3,45.6,1377,9393,10897,13108,16337,16615,16773,11756,51037,2665
1782177421,3AC,6786914.5,6511439.5,722839.9,647821.2,133962.2,136845.1,135411.0,226551.4,101028.6,0.0,28.1,28.8,10,24.3,45.6,1377,9395,10899,13109,16342,16620,16776,11759,51047,2666
1782180719,3AC,6836534.5,6536031.5,726793.0,649408.9,134451.8,136982.7,135838.3,226688.7,100982.5,0.0,28.1,28.9,9,24.3,45.7,1377,9398,10903,13112,16344,16622,16782,11761,51056,2666
1782181319,3AC,6838758.0,6566875.5,726771.5,652298.5,134464.6,137496.4,136154.5,226713.8,100974.3,0.0,28.0,28.9,8,24.3,45.7,1378,9397,10901,13110,16345,16621,16779,11761,51051,2666
1782185521,3AC,6906983.5,6629194.5,733079.6,656525.8,135654.4,137810.5,136378.9,227943.5,100947.5,0.0,28.0,29.0,27,24.3,45.8,1378,9400,10904,13118,16349,16629,16785,11766,51078,2668
1782187918,3AC,6929643.5,6662515.5,734669.2,659932.2,135870.9,138391.0,136811.0,228563.1,100942.6,0.0,28.0,29.1,19,24.2,45.9,1378,9398,10902,13116,16345,16625,16781,11763,51064,2669
1782189120,3AC,6961444.0,6674094.0,737397.4,660515.7,135982.7,138539.0,137423.5,229143.9,100942.6,0.0,28.0,29.1,12,24.2,45.9,1377,9396,10899,13112,16344,16622,16777,11761,51058,2668
1782190318,3AC,6991105.5,6696406.5,740623.2,661539.8,136096.5,138988.2,137411.8,229021.0,100946.1,0.0,28.0,29.1,17,24.2,45.9,1378,9401,10905,13120,16353,16629,16788,11766,51076,2668
1782192121,3AC,7018470.0,6715796.5,743146.8,666438.5,136663.0,139134.1,137762.4,229472.3,100954.9,0.0,28.0,29.2,6,24.2,46.0,1378,9400,10904,13119,16347,16628,16782,11765,51072,2666
1782193019,3AC,7022758.0,6739157.5,743040.7,666597.3,136654.1,139639.5,137818.9,229901.6,100960.2,0.0,28.0,29.2,11,24.2,46.0,1378,9401,10905,13120,16352,16629,16785,11767,51072,2668
1782196319,3AC,11552977.0,10951760.0,1089896.1,957522.2,183836.5,184280.5,178833.9,286729.2,104643.9,0.0,27.9,22.7,35,24.1,39.4,1378,9405,10905,13120,16358,16631,16792,11771,51098,2670
1782197221,3AC,11083624.0,10464248.0,1051039.4,928796.1,179311.8,180510.2,175058.9,282609.2,104260.4,0.0,27.9,23.3,23,24.1,39.9,1378,9406,10906,13120,16356,16629,16787,11767,51087,2669
1782200820,3AC,10169969.0,9635084.0,988894.8,872000.0,170801.4,171943.5,168086.5,272821.0,103083.6,0.0,27.9,24.4,20,24.1,41.0,1378,9406,10906,13122,16354,16627,16785,11769,51090,2669
1782202320,3AC,9913263.0,9425059.0,971356.5,858750.2,169055.7,170612.7,166336.4,270789.3,102734.5,0.0,27.9,24.7,12,24.1,41.3,1378,9405,10908,13121,16352,16625,16783,11765,51072,2670
1782202621,3AC,9886509.0,9382279.0,967817.2,855705.8,168804.1,169361.0,166065.1,270228.0,102672.8,0.0,27.9,24.7,18,24.1,41.3,1378,9404,10904,13121,16351,16626,16781,11764,51065,2668
1782207419,3AC,9450699.0,8969623.0,937499.4,829727.2,164929.3,164897.3,161982.5,265249.4,101960.3,0.0,27.9,25.4,16,24.2,42.0,1379,9408,10909,13125,16362,16636,16795,11772,51104,2668
1782211020,3AC,9276221.0,8811737.0,922423.7,817900.4,161623.7,163288.0,159745.6,262783.9,101664.3,0.0,27.9,25.7,3,24.2,42.4,1378,9404,10907,13124,16355,16631,16788,11769,51085,2668
1782224819,3AC,8882191.0,8450963.0,892021.1,793867.8,157197.9,158778.2,155328.2,257494.2,101315.0,0.0,28.0,26.7,16,24.2,43.4,1379,9411,10915,13130,16365,16638,16799,11776,51124,2671
1782227520,3AC,8854952.0,8411159.0,891871.8,792848.1,157177.2,158411.9,156019.8,256866.6,101300.8,0.0,28.0,26.8,20,24.2,43.5,1379,9409,10915,13129,16363,16637,16799,11773,51110,2671
1782228420,3AC,8850052.0,8417824.0,890556.8,791659.5,156896.2,158633.2,155251.2,257067.6,101298.4,0.0,28.0,26.9,3,24.2,43.5,1380,9409,10915,13131,16365,16637,16799,11774,51113,2671
1782229920,3AC,8870501.0,8447610.0,893367.2,790640.2,157219.6,158433.3,155448.1,257401.2,101296.7,0.0,28.0,26.9,5,24.2,43.6,1380,9413,10918,13136,16372,16643,16803,11777,51131,2671
1782232018,3AC,8842752.0,8411785.0,890993.2,793415.8,157061.6,158520.0,154777.6,256276.8,101287.7,0.0,28.0,27.0,18,24.2,43.7,1380,9411,10917,13134,16373,16644,16805,11779,51135,2670
1782233218,3AC,8833445.0,8400913.0,891584.8,791799.5,156714.5,158050.0,154842.9,256387.3,101285.7,0.0,28.0,27.1,4,24.2,43.8,1380,9411,10918,13135,16367,16642,16801,11777,51128,2673
1782234721,3AC,8814221.0,8390981.0,890379.7,790675.1,157172.6,158161.8,154803.7,256504.7,101282.4,0.0,28.0,27.1,12,24.2,43.8,1380,9411,10918,13137,16366,16643,16802,11778,51125,2670
1782235019,3AC,8820932.0,8394580.0,891476.9,791574.1,156893.9,158251.5,154615.9,255995.3,101281.1,0.0,28.0,27.2,3,24.2,43.8,1380,9414,10920,13136,16367,16642,16803,11777,51122,2670
1782237120,3AC,8763459.0,8336125.5,887193.8,790174.5,156264.2,157492.4,154096.3,255598.7,101304.4,0.0,28.0,27.2,15,24.3,44.0,1380,9411,10918,13135,16366,16640,16802,11778,51126,2670
1782238018,3AC,8777536.0,8339211.5,886757.0,786448.2,155845.4,157200.2,153914.9,254626.4,101314.4,0.0,28.1,27.3,22,24.3,44.0,1380,9413,10921,13135,16370,16644,16804,11776,51140,2669
1782241620,3AC,8673315.0,8252190.0,879917.3,783281.2,155159.7,156256.8,152917.5,254071.5,101277.9,0.0,28.1,27.4,11,24.4,44.1,1381,9417,10925,13138,16377,16648,16808,11780,51146,2673
1782244319,3AC,8696091.0,8270620.0,880836.9,784185.6,155951.4,156798.9,153263.1,254273.8,101227.9,0.0,28.1,27.5,10,24.3,44.2,1380,9413,10922,13138,16374,16646,16808,11781,51143,2672
1782247620,3AC,8779997.0,8333834.5,887734.3,785907.2,156260.9,157047.2,153772.5,254758.4,101182.8,0.0,28.1,27.6,8,24.3,44.3,1380,9415,10923,13141,16378,16648,16810,11782,51139,2673
1782248219,3AC,8766285.0,8334697.5,889520.8,788709.0,155867.5,157364.4,153732.2,254707.2,101177.6,0.0,28.1,27.7,11,24.3,44.3,1381,9414,10922,13140,16375,16646,16806,11780,51143,2671
1782249421,3AC,8736367.0,8308512.5,887009.3,787351.2,156093.9,156895.0,153853.2,254568.6,101175.1,0.0,28.1,27.7,14,24.3,44.4,1381,9414,10925,13139,16376,16648,16810,11782,51149,2670
1782255718,3AC,8752193.0,8320064.0,886994.8,789843.3,155784.4,156426.4,153225.2,254061.9,101129.3,0.0,28.1,27.9,21,24.4,44.6,1380,9411,10924,13139,16370,16646,16807,11777,51140,2672
1782257219,3AC,8754779.0,8312053.5,888684.2,788503.8,155952.3,156539.5,153386.5,253724.7,101116.5,0.0,28.2,27.9,10,24.4,44.6,1380,9410,10922,13139,16370,16644,16803,11778,51133,2671
1782262621,3AC,8769672.0,8352793.5,891443.2,791240.7,156218.8,156969.4,153130.9,254207.6,101055.8,0.0,28.1,28.0,21,24.4,44.8,1381,9413,10926,13143,16376,16650,16809,11782,51151,2673
1782265019,3AC,8853012.0,8415565.0,897371.1,796330.8,156769.8,157792.2,154067.4,255241.8,101001.1,0.0,28.1,28.1,7,24.3,44.8,1380,9411,10922,13141,16374,16648,16806,11780,51142,2672
1782265320,3AC,8833983.0,8414162.0,894992.2,799164.0,157335.7,158380.6,154111.7,255870.7,100993.1,0.0,28.0,28.1,5,24.3,44.8,1380,9409,10919,13139,16368,16643,16803,11779,51120,2672
1782271921,3AC,9210917.0,8722823.0,925885.2,821083.7,161803.0,162041.7,157514.8,260256.4,100911.8,0.0,27.7,28.3,24,23.9,45.0,1379,9405,10910,13141,16371,16644,16802,11777,51120,2671
1782274319,3AC,9301795.0,8849483.0,933727.0,828435.2,163227.6,164312.8,159419.8,261821.3,100917.0,0.0,27.6,28.4,13,23.8,45.0,1380,9407,10913,13147,16379,16648,16809,11780,51134,2672
1782274619,3AC,9331140.0,8860868.0,934677.5,831141.1,163173.2,164463.1,159649.4,261719.1,100919.0,0.0,27.5,28.4,7,23.8,45.0,1379,9407,10912,13144,16379,16647,16810,11781,51128,2672
1782287519,3AC,13827503.0,13001136.0,1261184.9,1106526.5,207724.5,206487.4,193883.1,311433.2,103104.7,0.0,27.3,23.9,19,23.5,40.3,1380,9413,10911,13153,16386,16652,16815,11785,51152,2674
1782291119,3AC,13296559.0,12438393.0,1222370.0,1073543.4,202612.3,201181.2,189705.2,306492.1,102403.2,0.0,27.3,24.5,25,23.5,40.9,1380,9414,10915,13154,16387,16656,16824,11790,51166,2677
1782297119,3AC,12698153.0,11931492.0,1179133.0,1041319.9,197600.4,196454.3,185960.2,300576.0,101785.5,0.0,27.3,25.1,0,23.5,41.6,1380,9413,10914,13156,16389,16659,16823,11790,51169,2676
1782303420,3AC,12320641.0,11656255.0,1158227.1,1020501.8,194355.4,192945.3,183771.6,297269.9,101514.8,0.0,27.3,25.5,18,23.5,42.0,1380,9414,10915,13159,16391,16660,16821,11788,51173,2675
1782303719,3AC,12332275.0,11630615.0,1156843.6,1021743.6,194162.3,192829.2,183439.2,297796.3,101507.1,0.0,27.3,25.6,0,23.5,42.0,1381,9415,10917,13159,16395,16660,16824,11790,51167,2676
1782304919,3AC,12303996.0,11567945.0,1151720.5,1020429.2,193970.0,192653.3,183147.5,296945.9,101484.3,0.0,27.3,25.6,8,23.5,42.1,1381,9415,10916,13159,16392,16658,16825,11790,51178,2675
1782308819,3AC,12165267.0,11449904.0,1146906.9,1009700.9,192437.7,191155.1,182207.4,294658.0,101434.1,0.0,27.3,25.9,8,23.5,42.4,1380,9414,10917,13159,16395,16663,16826,11793,51189,2677
1782313020,3AC,12106984.0,11403999.0,1141656.0,1007255.1,191828.0,190475.3,181245.6,293799.5,101403.5,0.0,27.2,26.1,1,23.5,42.6,1380,9413,10915,13157,16390,16661,16821,11788,51165,2677
1782319621,3AC,11881371.0,11214828.0,1126941.0,994894.8,189792.3,188660.2,179408.8,291858.1,101417.5,0.0,27.3,26.4,2,23.6,42.9,1381,9415,10920,13159,16395,16664,16827,11793,51190,2677
1782321118,3AC,11799455.0,11123107.0,1119349.6,989605.0,188354.8,187340.6,178284.1,289626.3,101435.5,0.0,27.5,26.4,25,23.7,42.9,1381,9418,10922,13162,16396,16667,16829,11795,51195,2678
1782323819,3AC,11598203.0,10903105.0,1108969.6,977125.3,186057.9,184537.0,177147.6,287963.4,101447.4,0.0,27.6,26.5,10,23.9,43.1,1381,9416,10925,13159,16392,16660,16825,11790,51183,2674
1782328620,3AC,11356551.0,10681265.0,1092532.4,963080.3,183694.2,182992.9,174440.1,284304.4,101418.3,0.0,27.8,26.7,13,24.1,43.3,1383,9425,10938,13167,16402,16676,16837,11798,51225,2676
1782331019,3AC,11257820.0,10595600.0,1083761.5,955966.7,183699.1,181634.5,173696.9,283053.8,101389.4,0.0,27.9,26.8,12,24.1,43.4,1382,9423,10936,13164,16401,16672,16832,11797,51218,2677
1782333421,3AC,11197284.0,10559099.0,1080018.6,954948.8,182487.9,181112.2,173099.3,282126.0,101346.2,0.0,27.9,26.9,21,24.2,43.5,1382,9423,10939,13165,16396,16670,16832,11795,51213,2675
1782335220,3AC,11174372.0,10529575.0,1078336.5,952527.4,182386.7,180465.2,172481.2,281293.5,101319.3,0.0,28.0,26.9,9,24.2,43.5,1383,9424,10938,13165,16396,16668,16827,11794,51207,2677
1782338220,3AC,11096153.0,10410083.0,1069958.2,945965.5,180903.9,179773.4,171653.3,280490.2,101277.3,0.0,28.1,27.0,0,24.3,43.6,1382,9423,10939,13162,16390,16663,16824,11791,51196,2673
1782339720,3AC,11051692.0,10386529.0,1067246.6,944746.0,180752.7,179512.1,171157.8,280234.3,101254.9,0.0,28.1,27.0,8,24.3,43.7,1383,9423,10940,13163,16394,16667,16827,11795,51216,2675
1782340020,3AC,10995695.0,10373375.0,1067146.4,946181.8,180963.6,178984.8,170997.1,279613.3,101250.8,0.0,28.1,27.1,13,24.4,43.7,1382,9423,10941,13161,16395,16667,16830,11794,51208,2675
1782340919,3AC,11013339.0,10351700.0,1066772.6,943977.5,180467.6,178923.8,171279.5,279246.2,101232.9,0.0,28.1,27.0,10,24.4,43.7,1383,9425,10943,13165,16398,16671,16834,11798,51225,2674
1782343320,3AC,11026717.0,10354539.0,1066938.8,945577.7,180929.0,179153.5,171331.5,278792.1,101160.7,0.0,28.1,27.1,13,24.4,43.8,1383,9423,10940,13162,16394,16670,16829,11795,51213,2673
1782345418,3AC,11117669.0,10466747.0,1075005.6,950864.7,182121.4,180676.7,172011.6,280871.9,101082.4,0.0,28.0,27.2,10,24.2,43.9,1382,9424,10939,13164,16398,16671,16832,11796,51219,2675
1782349320,3AC,11353797.0,10718341.0,1096713.4,967191.6,184627.7,182896.0,174639.7,282977.9,100974.2,0.0,27.8,27.4,4,24.0,44.0,1382,9421,10935,13166,16401,16672,16833,11798,51217,2678
1782355620,3AC,11654404.0,11001724.0,1118214.4,989695.3,187782.2,186444.0,176734.0,287390.7,100931.3,0.0,27.5,27.5,22,23.7,44.1,1381,9419,10928,13168,16397,16667,16831,11794,51196,2675
1782360719,3AC,11803229.0,11158587.0,1129174.0,999394.0,190009.4,188360.2,178462.9,288538.5,100954.8,0.0,27.4,27.7,10,23.6,44.2,1382,9420,10928,13173,16405,16673,16835,11799,51216,2678
1782371218,3AC,18210912.0,17092542.0,1581750.1,1376299.1,246718.9,241765.6,218668.6,347851.0,103859.1,0.0,27.2,22.7,31,23.5,39.1,1381,9421,10927,13171,16401,16669,16833,11797,51208,2679
1782371519,3AC,18109854.0,16981248.0,1577388.5,1374848.0,245840.5,241199.2,218222.6,346678.4,103756.2,0.0,27.2,22.8,16,23.5,39.2,1382,9423,10925,13175,16409,16678,16842,11803,51228,2680
1782371819,3AC,17931882.0,16832836.0,1562348.9,1364853.1,244747.8,240326.4,217369.1,345461.0,103657.3,0.0,27.2,22.9,30,23.5,39.3,1382,9423,10930,13176,16409,16675,16841,11801,51228,2680
1782372420,3AC,17740404.0,16605205.0,1544035.4,1351632.6,243076.8,238665.9,216125.4,344532.2,103470.8,0.0,27.2,23.0,19,23.5,39.4,1381,9420,10926,13172,16404,16670,16833,11797,51211,2677
1782375120,3AC,16990350.0,15904516.0,1492127.4,1306194.5,237438.7,232741.1,211702.5,338075.1,102786.8,0.0,27.3,23.6,11,23.5,39.9,1382,9429,10934,13183,16416,16683,16847,11806,51249,2679
1782382321,3AC,15916719.0,14924509.0,1421078.4,1246388.4,228795.5,224457.1,204726.2,328988.0,101782.7,0.0,27.3,24.4,10,23.5,40.8,1382,9423,10929,13179,16410,16677,16840,11802,51226,2680
1782383220,3AC,15875221.0,14836592.0,1414592.4,1243094.0,228078.0,223610.4,204235.2,328376.6,101709.7,0.0,27.3,24.5,6,23.5,40.8,1382,9423,10930,13178,16411,16677,16842,11800,51232,2678
1782384721,3AC,15659283.0,14697816.0,1405869.1,1230477.4,226720.0,222668.3,203411.4,326680.5,101604.5,0.0,27.3,24.6,7,23.5,41.0,1382,9424,10930,13179,16413,16679,16840,11802,51240,2679
1782385021,3AC,15644947.0,14638277.0,1401365.0,1225543.4,226533.0,222452.7,203261.9,326708.5,101585.6,0.0,27.3,24.6,0,23.5,41.0,1382,9421,10927,13175,16410,16674,16835,11799,51221,2680
1782388618,3AC,15356224.0,14421649.0,1386692.4,1210414.1,224225.1,220305.1,201266.9,324395.8,101408.1,0.0,27.3,24.9,0,23.6,41.3,1382,9425,10932,13180,16413,16681,16845,11804,51238,2679
1782389220,3AC,15312624.0,14379396.0,1386051.6,1209973.4,223962.6,219759.8,200598.5,323311.3,101384.4,0.0,27.3,24.9,3,23.5,41.3,1382,9425,10932,13181,16414,16681,16847,11805,51240,2678
1782393119,3AC,15054555.0,14136892.0,1363406.6,1193942.4,221668.4,217966.5,199411.9,322103.0,101268.9,0.0,27.3,25.2,9,23.5,41.6,1383,9427,10937,13186,16420,16689,16851,11810,51267,2679
1782397021,3AC,14928503.0,14038999.0,1361759.9,1189496.5,220955.7,217113.5,198358.1,320342.0,101185.5,0.0,27.3,25.4,0,23.5,41.8,1382,9425,10935,13182,16413,16685,16846,11806,51248,2681
1782398818,3AC,14973060.0,14031520.0,1353314.4,1185695.1,220449.2,216908.1,198406.0,319448.4,101161.9,0.0,27.3,25.5,0,23.5,41.9,1382,9426,10934,13183,16415,16683,16845,11806,51248,2680
1782400319,3AC,14881623.0,13932975.0,1351780.6,1185322.6,220169.5,216311.0,197976.3,318118.5,101149.4,0.0,27.3,25.5,0,23.5,42.0,1382,9427,10937,13185,16417,16687,16850,11807,51258,2679
1782400921,3AC,14787372.0,13951332.0,1345560.6,1181895.4,219830.7,216094.8,197255.7,318098.7,101145.2,0.0,27.3,25.6,1,23.5,42.0,1383,9430,10939,13187,16420,16687,16855,11810,51271,2681
1782401820,3AC,14838800.0,13971071.0,1346239.1,1183729.9,219803.1,215462.5,196979.7,318277.0,101140.1,0.0,27.3,25.6,9,23.5,42.0,1382,9425,10936,13182,16417,16685,16848,11805,51256,2680
1782402720,3AC,14795392.0,13880607.0,1339456.5,1177488.2,219456.7,215260.7,196935.6,317986.4,101137.8,0.0,27.3,25.7,0,23.5,42.1,1383,9427,10937,13186,16419,16687,16850,11806,51258,2679
1782403620,3AC,14766515.0,13896371.0,1345187.5,1179723.6,219170.5,215027.6,196499.6,317027.7,101134.6,0.0,27.3,25.7,0,23.5,42.1,1383,9425,10935,13182,16417,16684,16848,11806,51252,2680
1782406020,3AC,14681296.0,13800243.0,1335530.9,1172505.1,218837.7,213913.1,196359.9,316429.9,101125.9,0.0,27.3,25.8,11,23.5,42.2,1383,9428,10939,13183,16422,16690,16854,11810,51260,2681
1782406321,3AC,14730619.0,13823781.0,1334343.8,1174100.4,218037.1,214094.0,195919.2,316863.2,101124.6,0.0,27.3,25.8,6,23.6,42.2,1383,9428,10940,13187,16419,16689,16851,11809,51268,2679
1782407520,3AC,14682617.0,13776995.0,1335880.1,1174665.8,218869.8,214149.1,195989.7,317031.4,101099.9,0.0,27.3,25.8,3,23.5,42.3,1383,9427,10938,13187,16422,16691,16852,11810,51265,2679
1782409319,3AC,14793881.0,13846627.0,1343146.1,1179085.4,219442.7,215489.0,197064.3,316419.8,101073.9,0.0,27.3,25.9,6,23.5,42.3,1383,9428,10938,13186,16418,16687,16851,11808,51262,2681
1782410820,3AC,14701353.0,13811427.0,1341532.6,1176847.9,219102.4,215215.9,196492.1,316864.1,101063.8,0.0,27.2,26.0,0,23.5,42.4,1383,9425,10936,13186,16419,16687,16852,11808,51258,2679
1782412318,3AC,14691340.0,13762260.0,1335864.0,1172849.6,217900.8,213796.4,195567.3,315519.9,101084.0,0.0,27.3,26.0,0,23.5,42.4,1383,9430,10938,13189,16422,16692,16853,11811,51270,2679
1782418321,3AC,14038377.0,13174007.0,1293551.5,1136690.9,211675.7,207399.6,191261.8,310047.8,101074.6,0.0,27.7,26.2,1,24.0,42.7,1383,9431,10947,13189,16420,16692,16855,11813,51282,2679
1782423718,3AC,13726013.0,12882876.0,1272675.1,1121344.4,208619.3,204034.7,188143.8,306006.1,100983.0,0.0,27.9,26.3,3,24.2,42.9,1384,9433,10954,13186,16416,16690,16853,11810,51277,2678
1782424320,3AC,13738333.0,12864731.0,1271767.4,1119834.4,208577.5,204622.7,188429.6,306005.4,100968.6,0.0,27.9,26.4,14,24.2,42.9,1384,9435,10953,13188,16420,16693,16853,11812,51287,2680
1782425220,3AC,13691628.0,12891553.0,1272741.4,1117646.6,207582.8,203981.5,188401.9,305487.6,100955.2,0.0,28.0,26.4,7,24.2,43.0,1384,9433,10952,13185,16413,16686,16849,11806,51261,2679
1782428521,3AC,13522763.0,12717543.0,1259306.9,1109097.6,206973.5,203196.7,187123.2,304314.9,100905.9,0.0,28.1,26.5,16,24.3,43.1,1385,9435,10955,13187,16419,16692,16853,11811,51279,2679
1782431219,3AC,13508685.0,12677796.0,1259471.6,1107565.5,206181.4,202191.9,187199.1,303548.8,100850.2,0.0,28.1,26.6,5,24.3,43.2,1384,9434,10957,13184,16420,16694,16855,11809,51284,2678
1782440821,3AC,13450768.0,12615175.0,1257549.4,1106342.1,206379.0,201981.8,186448.2,302578.5,100775.6,0.0,28.1,26.8,20,24.4,43.4,1385,9437,10959,13191,16422,16694,16859,11813,51295,2680
1782442621,3AC,13489084.0,12563960.0,1256844.9,1105895.6,206562.3,202597.9,186487.0,302587.8,100774.8,0.0,28.1,26.9,8,24.4,43.5,1384,9432,10952,13181,16410,16685,16847,11805,51263,2677
1782447120,3AC,13493549.0,12561617.0,1256031.4,1105601.1,205991.3,201972.0,186064.2,302616.7,100789.3,0.0,28.2,27.0,21,24.4,43.6,1385,9435,10961,13190,16419,16694,16857,11814,51294,2680
1782447718,3AC,13443879.0,12581063.0,1256540.4,1104830.1,205967.5,201919.4,186114.1,301468.8,100792.7,0.0,28.2,27.0,0,24.4,43.6,1384,9432,10956,13184,16413,16687,16851,11809,51278,2676
1782448019,3AC,13445008.0,12525293.0,1252851.4,1102684.9,205478.2,201942.2,185773.3,302426.0,100793.5,0.0,28.2,27.0,4,24.4,43.7,1385,9435,10958,13189,16416,16690,16852,11810,51276,2680
1782449820,3AC,13374140.0,12555225.0,1254492.9,1105353.1,206395.3,201407.1,185945.1,301745.8,100787.0,0.0,28.2,27.0,12,24.4,43.7,1385,9435,10959,13186,16416,16692,16854,11811,51286,2680
1782456718,3AC,21959376.0,20315856.0,1847578.5,1599039.5,276021.2,267084.6,234076.5,371696.0,103760.2,0.0,27.7,21.8,12,24.0,38.3,1384,9435,10952,13192,16424,16695,16857,11813,51296,2681
1782457019,3AC,21746616.0,20141318.0,1830266.0,1594344.4,274396.4,265466.5,233672.0,369474.6,103640.3,0.0,27.7,21.9,9,24.0,38.4,1384,9431,10947,13188,16418,16689,16851,11809,51269,2679
1782458221,3AC,21113022.0,19588822.0,1795905.5,1555366.5,270567.3,262378.3,230535.1,367130.7,103201.1,0.0,27.7,22.3,14,23.9,38.7,1384,9435,10951,13193,16428,16697,16856,11815,51299,2680
1782460020,3AC,20434480.0,19059970.0,1751016.4,1522995.1,266231.9,258453.4,227874.7,361981.2,102658.6,0.0,27.6,22.8,11,23.8,39.1,1384,9432,10948,13193,16426,16693,16856,11813,51288,2682
1782460919,3AC,20314502.0,18936048.0,1743083.6,1510614.6,264988.3,257129.5,226659.5,361408.0,102430.6,0.0,27.6,22.9,17,23.8,39.3,1384,9432,10947,13193,16421,16693,16857,11812,51280,2681
1782461219,3AC,20202230.0,18824376.0,1737377.9,1507235.6,265115.8,256981.8,227036.9,360241.0,102361.0,0.0,27.6,23.0,1,23.8,39.3,1384,9429,10945,13188,16422,16690,16851,11810,51264,2680
1782461820,3AC,20042670.0,18697374.0,1727449.6,1501244.0,263223.9,256418.2,225594.0,359721.0,102228.5,0.0,27.5,23.1,6,23.8,39.4,1384,9431,10945,13193,16423,16691,16857,11812,51281,2680
1782464220,3AC,19588454.0,18376866.0,1703567.6,1471921.4,261201.7,253192.5,224623.7,356625.5,101797.0,0.0,27.5,23.4,4,23.7,39.7,1384,9431,10944,13193,16427,16695,16857,11813,51286,2682
1782465719,3AC,19347646.0,18131590.0,1680738.9,1461479.1,259298.8,251694.9,222981.9,354415.0,101590.0,0.0,27.5,23.6,0,23.7,39.9,1384,9431,10944,13194,16427,16696,16858,11813,51290,2681
1782466020,3AC,19383178.0,18133534.0,1678861.9,1462500.6,258660.6,251756.7,222671.8,355490.0,101553.2,0.0,27.5,23.6,0,23.7,39.9,1384,9431,10946,13192,16426,16695,16858,11814,51286,2682
1782466919,3AC,19217888.0,17973274.0,1667242.6,1456255.4,257950.2,250461.0,221938.0,353867.8,101449.3,0.0,27.5,23.7,16,23.7,40.0,1384,9433,10947,13197,16432,16700,16861,11817,51296,2680
1782468720,3AC,18982158.0,17785910.0,1654692.5,1443956.6,256224.1,248760.5,220865.6,352306.7,101268.9,0.0,27.4,23.9,0,23.7,40.2,1384,9432,10946,13195,16426,16697,16860,11813,51287,2682
1782469920,3AC,18899390.0,17667032.0,1641216.5,1438065.4,255192.2,248256.0,220695.9,349676.4,101171.4,0.0,27.4,24.0,0,23.7,40.3,1384,9430,10944,13193,16424,16692,16855,11810,51274,2681
1782470220,3AC,18760808.0,17576964.0,1643204.4,1431347.6,255064.3,248161.6,219647.6,350581.7,101149.1,0.0,27.4,24.0,0,23.7,40.3,1384,9432,10948,13195,16427,16698,16859,11813,51292,2682
1782471119,3AC,18696154.0,17507640.0,1636761.0,1426347.6,254718.2,247525.7,219291.7,349862.5,101086.4,0.0,27.4,24.1,2,23.6,40.4,1384,9434,10948,13199,16433,16702,16866,11820,51302,2683
1782471420,3AC,18764466.0,17555466.0,1641453.1,1426737.6,254530.5,246810.6,219335.1,349166.2,101067.5,0.0,27.4,24.1,0,23.6,40.4,1384,9430,10943,13196,16425,16693,16857,11813,51277,2681
1782472921,3AC,18644250.0,17454254.0,1632034.9,1421378.4,253329.0,246463.1,218955.0,348953.8,100979.5,0.0,27.4,24.2,0,23.6,40.6,1384,9430,10942,13191,16425,16695,16857,11810,51281,2682
1782481020,3AC,18052538.0,16937874.0,1589925.9,1390662.4,248595.2,242012.7,214938.4,344730.6,100740.4,0.0,27.4,24.7,0,23.6,41.1,1384,9432,10947,13197,16426,16697,16858,11812,51291,2682
1782484019,3AC,17843472.0,16722581.0,1577357.6,1378997.5,247590.5,240685.0,213871.5,342773.4,100702.7,0.0,27.4,24.8,0,23.7,41.2,1384,9431,10946,13198,16426,16696,16859,11814,51291,2680
1782486119,3AC,17767130.0,16602479.0,1566182.6,1370442.6,246680.4,239619.9,213644.1,342222.0,100687.0,0.0,27.4,25.0,2,23.6,41.3,1384,9429,10942,13193,16425,16691,16855,11810,51280,2679
1782490919,3AC,17533974.0,16450529.0,1553670.1,1362680.9,244831.4,238210.3,211966.0,339813.1,100687.3,0.0,27.4,25.2,0,23.7,41.6,1384,9431,10946,13197,16431,16697,16863,11814,51296,2683
1782491520,3AC,17510744.0,16370488.0,1546707.0,1360312.4,244399.8,238107.6,212339.7,338843.7,100693.2,0.0,27.5,25.2,11,23.7,41.6,1385,9434,10949,13200,16431,16700,16863,11815,51300,2681
1782495719,3AC,17062920.0,15991325.0,1521361.4,1331518.4,239834.9,233280.1,208641.2,333782.2,100765.9,0.0,27.7,25.3,11,23.9,41.8,1385,9435,10953,13198,16428,16699,16860,11814,51302,2681
1782497820,3AC,16701760.0,15667979.0,1500722.0,1314796.5,237186.0,231086.2,207143.6,331415.9,100797.7,0.0,27.9,25.4,5,24.1,41.9,1386,9438,10960,13202,16434,16704,16867,11820,51321,2681
1782499920,3AC,16547051.0,15484071.0,1485507.0,1303081.0,235103.2,228538.6,205081.2,329554.4,100819.8,0.0,28.0,25.5,0,24.2,42.0,1386,9436,10960,13199,16428,16704,16867,11818,51310,2680
1782502921,3AC,16224744.0,15196065.0,1461261.6,1284879.6,233423.9,226460.2,202785.9,327396.4,100812.4,0.0,28.1,25.6,15,24.3,42.1,1386,9439,10964,13197,16429,16703,16865,11817,51322,2681
1782505621,3AC,16041699.0,15069183.0,1453594.9,1272571.8,232233.4,225253.9,202464.1,325750.0,100794.9,0.0,28.2,25.7,0,24.4,42.2,1386,9443,10972,13203,16436,16709,16870,11821,51338,2682
1782506519,3AC,16085645.0,15073245.0,1454226.4,1272458.9,231314.0,225757.4,201652.0,324895.3,100786.3,0.0,28.2,25.7,6,24.4,42.3,1386,9438,10967,13196,16424,16698,16860,11813,51303,2680
1782516119,3AC,15786031.0,14802044.0,1438171.4,1261401.5,229194.6,223930.0,200299.2,323160.4,100678.0,0.0,28.2,26.0,15,24.5,42.6,1386,9440,10970,13197,16430,16705,16868,11818,51325,2682
1782517621,3AC,15802123.0,14834752.0,1436641.5,1260512.9,230344.8,223702.9,200275.6,323071.7,100670.3,0.0,28.2,26.1,14,24.5,42.7,1386,9441,10969,13203,16433,16706,16870,11819,51332,2682
1782519419,3AC,15792809.0,14849507.0,1438884.0,1262679.9,229967.4,223717.1,200315.6,323158.8,100672.9,0.0,28.2,26.1,4,24.4,42.7,1386,9440,10970,13200,16430,16706,16866,11819,51318,2679
1782520921,3AC,15823648.0,14841585.0,1440877.6,1262240.5,229710.4,223488.5,200399.9,323231.2,100667.9,0.0,28.2,26.2,2,24.5,42.8,1386,9441,10970,13200,16432,16707,16869,11820,51332,2680
1782521218,3AC,15811685.0,14815471.0,1434605.1,1259983.5,230284.9,223739.4,199947.3,322695.6,100662.6,0.0,28.2,26.2,0,24.4,42.8,1386,9438,10968,13196,16429,16702,16863,11816,51318,2681
1782522119,3AC,15891429.0,14891728.0,1444859.1,1266324.1,230963.3,223486.2,200643.4,322752.5,100649.8,0.0,28.2,26.2,0,24.4,42.8,1386,9442,10972,13201,16434,16709,16869,11821,51336,2681
1782523618,3AC,16011792.0,15007544.0,1454102.6,1270642.8,231919.8,224633.3,200894.9,323747.8,100631.2,0.0,28.1,26.3,0,24.4,42.8,1386,9441,10967,13202,16431,16705,16869,11819,51328,2680
1782525719,3AC,16052024.0,15040311.0,1460734.4,1279223.1,232245.7,226148.6,202043.2,325433.8,100614.2,0.0,28.0,26.3,0,24.2,42.9,1386,9439,10966,13201,16432,16707,16868,11819,51328,2681
1782528721,3AC,16267185.0,15277877.0,1475155.1,1292492.9,234701.4,228239.7,203743.6,326886.6,100613.4,0.0,27.9,26.4,9,24.1,43.0,1386,9438,10964,13202,16434,16706,16869,11818,51326,2684
1782544318,3AC,25763514.0,23888072.0,2103939.8,1833584.9,306854.8,295813.6,251251.0,397538.0,103457.2,0.0,27.4,21.9,14,23.6,38.3,1385,9437,10953,13208,16438,16708,16873,11822,51325,2684
1782549420,3AC,23645808.0,22209686.0,1975728.9,1724032.9,293693.2,283614.9,242222.0,383939.2,102187.3,0.0,27.4,22.9,0,23.6,39.2,1385,9437,10956,13212,16443,16709,16876,11823,51333,2683
1782554219,3AC,22805552.0,21244354.0,1917080.9,1671188.5,287024.9,276725.8,238068.6,378814.2,101593.0,0.0,27.3,23.5,0,23.6,39.7,1385,9435,10952,13208,16440,16709,16872,11822,51329,2683
1782555119,3AC,22658758.0,21106182.0,1903849.4,1660561.9,286027.4,275517.2,236704.0,376597.5,101520.2,0.0,27.3,23.5,0,23.6,39.8,1385,9437,10955,13214,16444,16711,16875,11825,51337,2685
1782557521,3AC,22315504.0,20682518.0,1879747.0,1641343.9,283586.0,273307.5,235402.7,374505.6,101369.7,0.0,27.3,23.7,0,23.6,40.0,1385,9437,10957,13211,16444,16714,16876,11824,51344,2684
1782558720,3AC,22170006.0,20583722.0,1873888.6,1630173.9,282163.7,272453.8,235000.6,372873.8,101310.8,0.0,27.3,23.8,0,23.6,40.1,1385,9436,10953,13210,16442,16711,16875,11823,51336,2685
1782559919,3AC,21994566.0,20458506.0,1864124.9,1629154.5,281711.8,271855.3,233984.5,371188.1,101260.7,0.0,27.3,23.9,3,23.6,40.2,1385,9439,10958,13216,16447,16716,16881,11826,51347,2684
1782560519,3AC,21951216.0,20390822.0,1855025.0,1620233.0,280815.0,271138.4,233739.5,371838.0,101237.8,0.0,27.3,23.9,0,23.6,40.3,1385,9435,10954,13210,16441,16714,16875,11824,51333,2685
1782561721,3AC,21786146.0,20147254.0,1851903.9,1610879.6,280348.9,270821.2,233076.9,370022.3,101201.6,0.0,27.3,24.0,3,23.6,40.3,1385,9433,10953,13208,16441,16708,16875,11821,51324,2683
1782563818,3AC,21666408.0,20051146.0,1845666.4,1608002.6,279067.7,269155.1,233228.0,369816.0,101154.2,0.0,27.3,24.2,3,23.6,40.5,1385,9438,10957,13212,16446,16713,16876,11824,51345,2686
1782566820,3AC,21361320.0,19774670.0,1821881.4,1590967.6,277668.6,267742.5,231140.0,366020.9,101113.9,0.0,27.3,24.3,3,23.5,40.6,1385,9436,10954,13209,16439,16709,16872,11821,51319,2683
1782568620,3AC,21275800.0,19839774.0,1821453.5,1588408.5,276781.0,267225.5,230862.0,365342.0,101101.1,0.0,27.3,24.4,0,23.5,40.7,1385,9436,10953,13212,16441,16710,16875,11821,51329,2684
1782570120,3AC,21250702.0,19725462.0,1814860.5,1586695.9,276372.9,266672.1,229778.2,364887.9,101093.9,0.0,27.3,24.5,5,23.5,40.9,1385,9438,10954,13214,16445,16713,16877,11825,51342,2684
1782571019,3AC,21093482.0,19564510.0,1811505.6,1578411.6,275598.3,266182.5,229773.7,364001.2,101090.6,0.0,27.3,24.6,0,23.5,40.9,1385,9437,10956,13215,16442,16709,16874,11821,51332,2683
1782572219,3AC,21105846.0,19627816.0,1810288.9,1574967.6,275200.3,265509.7,230224.5,363384.2,101087.7,0.0,27.3,24.6,0,23.5,40.9,1385,9437,10955,13214,16446,16713,16878,11825,51340,2685
1782576120,3AC,20912472.0,19439402.0,1794213.6,1565556.4,273503.5,264462.7,228944.5,362903.9,101087.7,0.0,27.3,24.8,2,23.5,41.1,1385,9436,10952,13211,16437,16705,16872,11818,51311,2684
1782579721,3AC,20731976.0,19361030.0,1794537.5,1561225.1,273649.0,263923.5,227313.0,361462.7,101093.4,0.0,27.2,24.9,0,23.5,41.3,1386,9438,10955,13216,16448,16717,16879,11825,51347,2686
1782580319,3AC,20805688.0,19313406.0,1785392.5,1557761.4,273312.5,263621.7,227730.2,360725.1,101094.1,0.0,27.3,25.0,4,23.5,41.3,1385,9437,10955,13216,16443,16714,16877,11826,51332,2684
1782583018,3AC,20540856.0,19160496.0,1777187.9,1547481.0,271437.3,262742.1,226227.7,360663.4,101126.0,0.0,27.3,25.1,12,23.5,41.4,1385,9434,10953,13211,16444,16710,16875,11824,51340,2685
1782585721,3AC,20164278.0,18758702.0,1752103.9,1523188.0,268180.8,258710.1,223628.8,356851.8,101195.5,0.0,27.5,25.1,2,23.7,41.6,1386,9440,10961,13214,16442,16713,16875,11824,51339,2685
1782588719,3AC,19592384.0,18315456.0,1714874.4,1495375.0,263180.8,254342.0,220632.9,351320.5,101253.1,0.0,27.7,25.2,9,24.0,41.7,1386,9440,10967,13210,16442,16711,16874,11821,51341,2684
1782593820,3AC,18983890.0,17779230.0,1674638.1,1464068.1,258618.1,249382.8,217666.2,346704.7,101262.2,0.0,28.0,25.4,0,24.2,41.9,1386,9442,10971,13213,16440,16712,16875,11825,51349,2683
1782594418,3AC,18910968.0,17690592.0,1671809.0,1459559.9,258009.4,249383.3,216764.2,346477.6,101267.2,0.0,28.0,25.4,4,24.2,41.9,1387,9444,10973,13215,16444,16719,16881,11829,51371,2684
1782598018,3AC,18662986.0,17472378.0,1650368.4,1444668.6,255581.1,246597.2,215509.9,344050.5,101274.8,0.0,28.1,25.5,13,24.3,42.0,1387,9443,10975,13213,16443,16714,16878,11824,51355,2683
1782601920,3AC,18934288.0,17755374.0,1673697.6,1464303.9,259550.4,249863.3,217467.9,346129.9,101212.4,0.0,27.9,25.7,2,24.1,42.2,1387,9444,10974,13218,16445,16717,16883,11828,51367,2685
1782604318,3AC,19194760.0,17963282.0,1692928.1,1477030.9,261211.8,252317.0,218531.6,347626.5,101193.1,0.0,27.7,25.8,14,24.0,42.2,1386,9440,10967,13216,16445,16715,16880,11826,51351,2683
1782607020,3AC,19283336.0,18077792.0,1705758.5,1489431.0,262966.7,254043.7,219981.4,349686.5,101188.8,0.0,27.6,25.9,0,23.8,42.3,1386,9440,10965,13217,16448,16717,16881,11829,51361,2685
1782609418,3AC,19465848.0,18211030.0,1714240.0,1496510.0,264621.2,255424.7,221328.2,351424.4,101195.4,0.0,27.5,25.9,14,23.7,42.3,1386,9439,10962,13218,16447,16717,16879,11826,51357,2685
1782611219,3AC,19554208.0,18348384.0,1722315.6,1503494.0,265226.5,256342.9,221113.2,351801.9,101203.2,0.0,27.4,26.0,14,23.7,42.4,1385,9437,10959,13214,16444,16714,16877,11825,51347,2684
1782617819,3AC,19765840.0,18505886.0,1736064.4,1515905.0,267859.0,258234.7,222926.5,354675.1,101270.4,0.0,27.3,26.2,8,23.5,42.6,1385,9436,10955,13218,16446,16714,16879,11825,51349,2684
1782618421,3AC,19810336.0,18563802.0,1743470.6,1517674.9,268215.2,258448.5,223173.0,353582.3,101276.6,0.0,27.3,26.2,19,23.5,42.6,1386,9437,10958,13217,16447,16714,16878,11825,51347,2686
1782619320,3AC,19842730.0,18558202.0,1743353.0,1521209.0,268760.6,258941.0,223132.4,353939.5,101287.2,0.0,27.3,26.2,22,23.5,42.6,1386,9439,10958,13219,16448,16713,16878,11824,51348,2685
1782622319,3AC,19862038.0,18572738.0,1739084.6,1521352.6,268820.5,259747.9,223063.7,354774.9,101322.4,0.0,27.2,26.3,9,23.5,42.7,1385,9438,10959,13222,16453,16718,16885,11829,51363,2685
1782622920,3AC,19823568.0,18671046.0,1744066.5,1525507.0,269070.4,259502.5,223455.1,354469.8,101330.3,0.0,27.2,26.3,12,23.4,42.6,1386,9437,10957,13221,16450,16716,16882,11828,51355,2684
1782624721,3AC,19889138.0,18710488.0,1748219.6,1523628.6,269425.1,260109.5,223838.1,354388.9,101355.3,0.0,27.2,26.3,15,23.4,42.7,1386,9438,10957,13223,16449,16718,16882,11829,51358,2686
1782630119,3AC,30911270.0,28795494.0,2455769.0,2121472.2,348119.6,332582.6,271573.0,423887.2,104273.1,0.0,27.1,21.5,38,23.3,37.8,1385,9438,10955,13219,16449,16717,16883,11825,51348,2686
1782634619,3AC,28458926.0,26580224.0,2280032.0,1992502.1,331247.0,314502.2,261314.3,411256.1,103037.4,0.0,27.1,22.5,22,23.3,38.7,1385,9439,10955,13221,16452,16719,16883,11827,51360,2686
1782635220,3AC,28314072.0,26366112.0,2262213.2,1977796.5,330633.9,313986.3,260455.0,410262.1,102920.8,0.0,27.1,22.5,14,23.3,38.8,1385,9436,10952,13219,16449,16714,16879,11824,51347,2686
1782639421,3AC,27185504.0,25235080.0,2198753.8,1918489.9,321209.0,307136.5,255404.6,403440.8,102331.6,0.0,27.1,23.1,0,23.3,39.2,1385,9435,10953,13219,16449,16715,16879,11825,51346,2684
1782639719,3AC,27072486.0,25116398.0,2184154.2,1916474.6,320294.6,306418.2,255036.4,401465.0,102301.9,0.0,27.1,23.1,1,23.3,39.3,1385,9436,10954,13220,16452,16716,16880,11828,51361,2687
1782640320,3AC,26946176.0,25011936.0,2181740.8,1907024.9,319368.8,305585.1,254135.2,400852.9,102245.9,0.0,27.1,23.1,0,23.3,39.3,1385,9435,10953,13218,16449,16716,16878,11827,51354,2685
1782640621,3AC,26929008.0,24967472.0,2177033.8,1905847.1,319320.8,305002.4,254477.1,400810.2,102219.9,0.0,27.1,23.2,0,23.3,39.4,1385,9435,10953,13219,16450,16716,16879,11827,51351,2687
1782640919,3AC,26830494.0,24920058.0,2169774.2,1903123.5,319100.7,305014.1,253176.9,400292.5,102194.9,0.0,27.1,23.2,4,23.3,39.4,1385,9437,10955,13220,16454,16719,16883,11830,51365,2687
1782642119,3AC,26545346.0,24615586.0,2162303.2,1887321.6,317728.2,303316.5,252415.8,399142.2,102103.1,0.0,27.1,23.3,0,23.3,39.5,1385,9435,10956,13219,16450,16714,16878,11826,51345,2687
1782642419,3AC,26490146.0,24496832.0,2154143.5,1884585.5,316140.8,303209.0,252629.0,397637.3,102082.7,0.0,27.1,23.3,7,23.4,39.5,1385,9434,10952,13218,16451,16717,16881,11826,51353,2686
1782647819,3AC,25705656.0,23890944.0,2113452.2,1844476.6,312348.0,298766.7,249116.9,392352.3,101813.0,0.0,27.1,23.7,4,23.3,39.9,1385,9437,10956,13224,16451,16716,16880,11828,51351,2685
1782648120,3AC,25671058.0,23836696.0,2106645.2,1844866.9,311961.6,298290.3,249211.0,392587.0,101803.3,0.0,27.1,23.8,0,23.3,39.9,1385,9437,10955,13223,16453,16719,16884,11829,51364,2686
1782650819,3AC,25387850.0,23506422.0,2091288.1,1828912.0,310847.0,296558.9,248081.3,390862.8,101731.2,0.0,27.1,23.9,1,23.3,40.1,1385,9433,10951,13219,16446,16710,16874,11824,51338,2685
1782651120,3AC,25380574.0,23557330.0,2085518.5,1835126.0,309256.4,296483.3,247632.9,391053.8,101725.0,0.0,27.1,24.0,0,23.3,40.1,1385,9436,10955,13221,16453,16718,16883,11826,51357,2687
1782651719,3AC,25291592.0,23539320.0,2083318.6,1824226.5,308931.5,296486.7,247492.2,390282.3,101715.5,0.0,27.1,24.0,0,23.3,40.2,1385,9437,10954,13222,16451,16717,16880,11826,51355,2685
1782654420,3AC,25033430.0,23262838.0,2067472.6,1815519.6,306909.3,294765.6,245996.8,388669.3,101680.3,0.0,27.1,24.1,4,23.3,40.3,1385,9436,10956,13224,16455,16718,16884,11830,51358,2686
1782655619,3AC,24978270.0,23212798.0,2066394.5,1805979.1,306853.8,294085.0,245968.7,387846.0,101671.2,0.0,27.1,24.2,4,23.3,40.4,1386,9437,10957,13223,16454,16719,16886,11829,51360,2686
1782657421,3AC,24721544.0,23110986.0,2063479.4,1803383.9,305183.4,292828.6,245775.6,386846.4,101659.2,0.0,27.1,24.3,6,23.3,40.5,1385,9436,10954,13224,16453,16718,16883,11827,51360,2685
1782659820,3AC,24668214.0,22944274.0,2056033.5,1793647.6,304121.9,292394.6,244389.3,385923.1,101655.8,0.0,27.1,24.4,16,23.3,40.6,1386,9438,10958,13226,16457,16723,16888,11832,51368,2685
1782662819,3AC,24416310.0,22767728.0,2040215.0,1783456.5,303081.2,290982.2,244052.1,384717.2,101653.8,0.0,27.1,24.5,0,23.3,40.7,1386,9440,10960,13229,16458,16724,16891,11833,51379,2686
1782664018,3AC,24415616.0,22727922.0,2031147.4,1780395.4,302355.4,290353.4,243327.4,384522.3,101652.2,0.0,27.1,24.6,6,23.3,40.8,1385,9436,10957,13225,16458,16720,16887,11832,51370,2686
1782666119,3AC,24294456.0,22633008.0,2029046.4,1778139.4,302397.8,290471.0,243055.8,383759.0,101649.7,0.0,27.1,24.6,15,23.3,40.9,1385,9437,10956,13224,16455,16721,16885,11829,51363,2685
1782667019,3AC,24223808.0,22616336.0,2022674.4,1775118.9,302198.2,289654.7,242668.0,382759.8,101649.3,0.0,27.1,24.7,6,23.3,40.9,1386,9438,10957,13226,16457,16721,16886,11831,51362,2688
1782668219,3AC,24110438.0,22492142.0,2019078.0,1770429.0,301841.9,289799.5,242690.6,383696.8,101652.1,0.0,27.1,24.7,0,23.3,40.9,1386,9436,10957,13226,16456,16719,16885,11829,51365,2685
1782670019,3AC,24079350.0,22574488.0,2019768.6,1768135.4,300647.6,289389.4,242447.7,382223.4,101660.4,0.0,27.1,24.8,13,23.3,41.0,1386,9441,10961,13231,16461,16725,16892,11834,51379,2688
1782670919,3AC,24162522.0,22480786.0,2020239.9,1769992.5,300761.2,289364.5,241731.9,382130.0,101663.3,0.0,27.0,24.9,0,23.3,41.0,1385,9436,10956,13226,16456,16721,16886,11830,51364,2686
1782673318,3AC,24018480.0,22434910.0,2008050.4,1763250.5,301099.4,288700.5,241071.9,381405.0,101670.5,0.0,27.0,24.9,6,23.3,41.1,1385,9436,10955,13224,16456,16721,16884,11829,51363,2687
1782673921,3AC,23977328.0,22334558.0,2016233.1,1767404.5,300361.2,288146.5,242000.5,382090.2,101672.6,0.0,27.0,25.0,7,23.3,41.2,1386,9436,10956,13225,16455,16722,16882,11830,51363,2685
1782677519,3AC,23376246.0,21913386.0,1981639.6,1735864.5,295914.1,284352.0,238515.7,377959.6,101760.6,0.0,27.3,25.0,6,23.5,41.3,1386,9438,10962,13225,16457,16723,16889,11830,51374,2685
1782678421,3AC,23322392.0,21821654.0,1976587.0,1725164.6,294553.6,282546.4,237456.6,376029.3,101778.3,0.0,27.3,25.0,8,23.6,41.4,1388,9444,10968,13230,16463,16730,16894,11837,51400,2688
1782679919,3AC,22971418.0,21482322.0,1957265.4,1711179.4,292484.0,280232.8,236546.4,372723.2,101803.9,0.0,27.5,25.1,23,23.7,41.4,1387,9445,10969,13229,16460,16725,16889,11834,51391,2688
1782682321,3AC,22501746.0,20960578.0,1917808.4,1677917.0,287975.1,276332.3,232684.7,369810.6,101822.4,0.0,27.7,25.1,0,23.9,41.5,1388,9449,10978,13232,16463,16728,16894,11836,51403,2685
1782682618,3AC,22422824.0,20796472.0,1917581.6,1673487.5,287571.5,275455.3,232831.9,369553.0,101820.9,0.0,27.7,25.1,20,23.9,41.6,1387,9445,10975,13229,16458,16725,16890,11833,51393,2685
1782684419,3AC,22123400.0,20565546.0,1897960.9,1656838.9,284429.1,273123.0,230653.9,366693.6,101813.6,0.0,27.8,25.2,20,24.1,41.6,1388,9446,10980,13228,16461,16727,16893,11833,51395,2684
1782688019,3AC,21675658.0,20108400.0,1867562.6,1625432.4,280593.7,268806.2,228167.4,362222.5,101779.6,0.0,28.0,25.3,3,24.3,41.7,1388,9448,10981,13225,16451,16725,16887,11831,51384,2684
1782692819,3AC,21474162.0,19899538.0,1854124.9,1621362.1,279936.7,268177.3,227194.0,361008.6,101637.1,0.0,28.0,25.5,6,24.2,41.9,1388,9448,10982,13226,16456,16728,16890,11834,51402,2684
1782693721,3AC,21439984.0,19967474.0,1861125.9,1623390.1,280831.7,269462.1,228057.0,361466.3,101607.3,0.0,28.0,25.5,9,24.2,41.9,1388,9447,10982,13226,16455,16727,16889,11832,51398,2686
1782698219,3AC,22026704.0,20491718.0,1892810.6,1656285.1,285242.1,274481.2,231730.3,365603.3,101504.7,0.0,27.7,25.7,17,23.9,42.1,1388,9447,10977,13232,16462,16732,16897,11837,51411,2686
1782702719,3AC,22410558.0,20936046.0,1920330.1,1685137.5,289824.5,277974.9,233755.6,370036.3,101468.9,0.0,27.4,25.8,33,23.7,42.2,1387,9442,10968,13227,16461,16727,16891,11833,51390,2688
1782704520,3AC,22625026.0,21085450.0,1932415.9,1692823.1,291017.1,278983.2,234903.9,371945.9,101467.0,0.0,27.3,25.9,14,23.6,42.2,1387,9442,10966,13232,16462,16727,16893,11834,51384,2686
1782709920,3AC,22849286.0,21353202.0,1947419.9,1711977.4,293842.0,281753.0,235618.0,372227.8,101500.1,0.0,27.2,26.0,11,23.4,42.3,1386,9442,10965,13233,16463,16730,16895,11836,51397,2686
1782711119,3AC,22850070.0,21402634.0,1945787.1,1707142.5,293800.9,281594.3,235898.6,372115.2,101512.2,0.0,27.2,26.0,13,23.4,42.3,1386,9440,10961,13230,16461,16727,16894,11834,51385,2687
1782715919,3AC,35935460.0,33593956.0,2794007.0,2413058.0,386059.1,364947.8,288832.2,449502.3,104616.2,0.0,27.1,21.0,40,23.3,37.3,1386,9442,10962,13235,16463,16726,16894,11834,51390,2689
1782716818,3AC,35153852.0,32758230.0,2746663.8,2368846.2,380709.7,360320.6,284904.7,444326.0,104278.9,0.0,27.1,21.4,32,23.3,37.6,1386,9439,10957,13230,16457,16720,16884,11830,51363,2687
1782717720,3AC,34349660.0,32079318.0,2688624.2,2326609.0,375308.8,355851.0,282823.4,440033.5,103978.8,0.0,27.0,21.6,29,23.3,37.8,1386,9440,10960,13232,16461,16726,16893,11832,51389,2689
1782719819,3AC,33109018.0,30863226.0,2603714.8,2257797.2,366661.6,349028.5,278806.0,433715.4,103396.8,0.0,27.1,22.0,15,23.3,38.2,1386,9439,10961,13232,16459,16722,16888,11833,51372,2687
1782721619,3AC,32323310.0,30205016.0,2558737.8,2222838.0,361845.2,344915.1,274730.0,429650.3,103010.9,0.0,27.0,22.3,7,23.3,38.5,1387,9440,10963,13232,16462,16727,16894,11834,51382,2689
1782724319,3AC,31337248.0,29341696.0,2490871.0,2174173.5,356737.4,339525.2,271956.3,424894.1,102578.4,0.0,27.0,22.6,6,23.3,38.8,1386,9444,10963,13238,16465,16730,16896,11837,51392,2689
1782724619,3AC,31511782.0,29439598.0,2494852.8,2176391.2,356811.5,338792.1,271532.6,423953.1,102539.0,0.0,27.0,22.7,9,23.3,38.8,1387,9444,10965,13239,16471,16736,16903,11840,51407,2690
1782726719,3AC,30883806.0,28789638.0,2464814.8,2146088.8,353095.0,336687.1,269616.9,421432.2,102307.6,0.0,27.0,22.9,1,23.2,39.0,1386,9441,10962,13237,16469,16733,16900,11838,51401,2687
1782727619,3AC,30692024.0,28580888.0,2449726.2,2129024.8,352090.5,334373.6,269159.0,419837.3,102225.4,0.0,27.0,23.0,1,23.2,39.1,1386,9439,10960,13234,16462,16726,16894,11834,51388,2689
1782728521,3AC,30534762.0,28517022.0,2436159.0,2125282.2,350496.5,333980.2,268315.5,419290.6,102152.0,0.0,27.0,23.1,7,23.2,39.2,1386,9439,10961,13232,16464,16726,16893,11835,51385,2686
1782728819,3AC,30449662.0,28436712.0,2421793.2,2120806.8,350462.2,333579.6,267656.8,418620.6,102129.2,0.0,27.0,23.0,15,23.2,39.2,1386,9439,10959,13232,16459,16724,16891,11832,51377,2689
1782733019,3AC,29833830.0,27759922.0,2382548.0,2084698.9,345587.9,328954.7,265279.2,415318.3,101879.0,0.0,27.0,23.4,1,23.2,39.5,1387,9442,10963,13239,16470,16732,16900,11838,51399,2688
1782733621,3AC,29670360.0,27720448.0,2371640.2,2079735.4,345161.9,328471.0,265050.2,414504.1,101853.0,0.0,27.0,23.4,0,23.2,39.6,1386,9441,10964,13235,16468,16731,16898,11837,51402,2689
1782734821,3AC,29567914.0,27610842.0,2371166.8,2071288.4,344130.9,327575.3,264238.9,414037.6,101809.4,0.0,27.0,23.5,0,23.2,39.6,1387,9443,10963,13240,16469,16732,16898,11838,51402,2688
1782736318,3AC,29403448.0,27402702.0,2359059.0,2062954.0,342020.2,326472.2,263544.7,412760.8,101762.7,0.0,27.0,23.6,0,23.2,39.7,1387,9442,10965,13238,16469,16732,16900,11840,51407,2688
1782739318,3AC,29002538.0,27141624.0,2333376.8,2040022.9,340505.4,323553.8,261916.1,410733.5,101695.9,0.0,27.0,23.8,0,23.2,39.9,1386,9442,10962,13238,16464,16728,16893,11835,51390,2690
1782739618,3AC,28952762.0,26997848.0,2333041.0,2035362.4,339957.4,323593.3,262152.9,411099.8,101691.0,0.0,27.0,23.8,0,23.2,39.9,1386,9439,10961,13234,16465,16728,16896,11834,51387,2687
1782742018,3AC,28716074.0,26791288.0,2316082.8,2025211.5,338991.7,320968.5,260578.8,408641.7,101662.1,0.0,27.0,23.9,3,23.2,40.1,1386,9441,10964,13237,16468,16730,16898,11838,51391,2689
1782746819,3AC,28286598.0,26374042.0,2287608.8,2008549.4,335641.2,317001.6,258696.0,405986.2,101634.1,0.0,27.0,24.1,7,23.2,40.3,1387,9442,10963,13240,16470,16732,16898,11839,51405,2690
1782747120,3AC,28260942.0,26334066.0,2290440.8,2005304.1,335018.6,317444.4,257386.8,406050.4,101633.9,0.0,27.0,24.1,0,23.2,40.3,1387,9442,10964,13240,16470,16734,16897,11836,51399,2688
1782748621,3AC,28001686.0,26204152.0,2278435.5,1993608.9,334496.5,316208.0,256628.6,404638.4,101633.0,0.0,27.0,24.2,13,23.3,40.4,1387,9445,10966,13242,16468,16734,16899,11839,51406,2689
1782748918,3AC,28103888.0,26152498.0,2277608.2,1991953.0,334489.8,316162.3,257989.0,404302.9,101633.1,0.0,27.0,24.2,10,23.3,40.4,1387,9447,10968,13246,16474,16738,16903,11842,51415,2691
1782754921,3AC,27441400.0,25415294.0,2231555.8,1958615.6,328155.4,311215.1,253678.3,399068.3,101658.9,0.0,27.2,24.4,10,23.4,40.7,1387,9445,10970,13241,16469,16733,16900,11839,51411,2687
1782756118,3AC,27090118.0,25131504.0,2225557.0,1945286.0,326130.8,308874.8,252444.1,396614.7,101685.7,0.0,27.3,24.5,3,23.5,40.7,1387,9447,10975,13241,16471,16738,16903,11840,51415,2690
1782759420,3AC,25981946.0,24154614.0,2160536.5,1891875.4,317189.6,301395.1,247278.3,390988.2,101745.4,0.0,27.6,24.6,15,23.8,40.9,1388,9449,10980,13241,16468,16738,16902,11841,51427,2690
1782760619,3AC,25864072.0,23961558.0,2147685.2,1875269.1,314941.6,299118.8,246207.8,389144.2,101746.9,0.0,27.7,24.5,7,23.9,40.9,1388,9449,10983,13239,16468,16735,16901,11842,51422,2689
1782762419,3AC,25336666.0,23615464.0,2122717.2,1858153.6,311955.2,297123.5,244603.2,386653.4,101737.1,0.0,27.8,24.6,9,24.0,41.0,1389,9450,10985,13237,16465,16734,16901,11839,51421,2686
1782765118,3AC,25079598.0,23308962.0,2101649.2,1835371.0,308703.0,294425.3,242919.0,384464.0,101701.7,0.0,27.9,24.7,24,24.1,41.1,1389,9454,10991,13242,16468,16737,16906,11842,51434,2688
1782767220,3AC,24773342.0,23147848.0,2090472.6,1829537.0,308624.2,293600.5,242138.6,382596.1,101678.7,0.0,28.0,24.8,9,24.2,41.2,1389,9452,10987,13237,16468,16738,16902,11840,51423,2688
1782768119,3AC,24634888.0,23070694.0,2082363.5,1821750.4,307022.4,293015.2,241232.1,382172.2,101672.1,0.0,28.0,24.8,9,24.2,41.2,1389,9453,10991,13241,16471,16740,16906,11841,51433,2689
1782769919,3AC,24511432.0,22860038.0,2068428.1,1808605.0,305896.5,290088.8,240038.9,380059.8,101660.0,0.0,28.1,24.9,5,24.3,41.3,1389,9452,10988,13234,16467,16736,16899,11838,51424,2688
1782771419,3AC,24340296.0,22757496.0,2065364.5,1801808.5,304679.2,289628.1,239523.8,379973.0,101649.5,0.0,28.1,24.9,18,24.3,41.3,1389,9454,10994,13241,16468,16739,16906,11841,51441,2688
1782773221,3AC,24031722.0,22539702.0,2045822.0,1791800.5,303584.9,288722.5,239162.1,378176.6,101628.8,0.0,28.1,25.0,17,24.4,41.4,1389,9454,10993,13240,16468,16741,16904,11843,51441,2688
1782776221,3AC,23894134.0,22348160.0,2031730.4,1783727.4,302139.6,287360.2,238021.8,377478.3,101597.6,0.0,28.2,25.1,19,24.4,41.5,1389,9452,10994,13237,16469,16740,16904,11841,51445,2687
1782780419,3AC,23744800.0,22283054.0,2032411.6,1779815.0,301399.3,286667.9,237521.2,375755.5,101542.1,0.0,28.2,25.2,11,24.4,41.7,1390,9456,10996,13242,16473,16741,16911,11845,51451,2687
1782781318,3AC,23729650.0,22254482.0,2027625.1,1777688.5,301477.2,287181.5,237325.7,375710.3,101530.9,0.0,28.2,25.2,7,24.4,41.7,1390,9454,10993,13241,16468,16741,16907,11842,51443,2687
1782787621,3AC,23672110.0,22173886.0,2021933.9,1773113.0,300210.2,286485.1,236802.6,375901.3,101492.0,0.0,28.2,25.4,11,24.4,41.9,1389,9453,10995,13237,16463,16736,16900,11840,51430,2687
1782790018,3AC,23635246.0,22146698.0,2019197.6,1771103.9,300645.8,286172.0,236487.2,374706.1,101487.2,0.0,28.2,25.5,3,24.4,42.0,1390,9454,10995,13238,16468,16741,16905,11843,51442,2688
1782793020,3AC,23598456.0,22194278.0,2023227.0,1772229.0,300135.8,286565.0,236384.3,374688.9,101489.8,0.0,28.1,25.6,10,24.4,42.0,1389,9450,10991,13236,16462,16735,16900,11839,51430,2686
1782794219,3AC,23623610.0,22156566.0,2020879.0,1773748.5,300461.3,285892.7,236837.0,374496.0,101495.1,0.0,28.1,25.6,17,24.4,42.1,1389,9450,10992,13236,16465,16737,16902,11839,51429,2685
1782797220,3AC,23653998.0,22171312.0,2023985.5,1774333.5,300995.9,286260.2,236690.6,373960.5,101508.1,0.0,28.1,25.7,14,24.4,42.1,1388,9450,10990,13234,16464,16737,16901,11840,51431,2688
1782804719,3AC,35042784.0,32672466.0,2770260.2,2389567.0,382806.0,360140.2,281542.4,440787.9,103787.9,0.0,28.1,21.4,9,24.3,37.8,1389,9454,10990,13238,16466,16736,16900,11840,51429,2688
1782812221,3AC,31877454.0,29784498.0,2556736.0,2220920.8,361978.1,342745.8,270235.1,423969.8,102394.7,0.0,28.1,22.5,12,24.3,38.8,1389,9453,10994,13242,16469,16740,16905,11843,51439,2688
1782818219,3AC,30627570.0,28616080.0,2473390.8,2153641.8,353605.0,335031.0,265169.8,415901.2,101933.7,0.0,28.1,23.0,0,24.3,39.3,1389,9454,10993,13240,16472,16739,16905,11843,51448,2688
1782823318,3AC,29768190.0,27809186.0,2412232.0,2107904.8,347003.5,328603.2,261416.8,410701.0,101760.1,0.0,28.1,23.3,3,24.4,39.7,1390,9454,10995,13242,16472,16742,16906,11842,51447,2688
1782823618,3AC,29679158.0,27787320.0,2409229.2,2105156.2,346978.8,329059.9,261221.8,410715.1,101752.1,0.0,28.1,23.3,0,24.3,39.7,1389,9454,10995,13243,16473,16744,16910,11843,51457,2688
1782824818,3AC,29502408.0,27602760.0,2401839.0,2096628.9,346213.5,327553.8,261381.1,410607.0,101729.2,0.0,28.1,23.4,0,24.4,39.8,1390,9456,10996,13245,16475,16747,16910,11845,51463,2689
1782827220,3AC,29251680.0,27379734.0,2388212.8,2083102.6,343697.5,326336.0,258809.2,407695.1,101694.9,0.0,28.1,23.5,2,24.4,39.9,1389,9455,10996,13241,16469,16740,16904,11842,51446,2687
1782829021,3AC,29103966.0,27196570.0,2366053.0,2069180.9,342700.7,324485.3,259306.4,407474.8,101673.2,0.0,28.1,23.6,3,24.4,40.0,1390,9453,10994,13240,16470,16739,16905,11841,51445,2686
1782829318,3AC,29057958.0,27210714.0,2371970.8,2069447.4,342001.1,324724.4,259096.3,407213.0,101670.3,0.0,28.1,23.6,0,24.4,40.0,1390,9456,10998,13245,16472,16744,16913,11845,51456,2687
1782829619,3AC,29003370.0,27152162.0,2363743.8,2065480.9,341812.9,324103.7,257865.7,405895.8,101667.7,0.0,28.2,23.7,0,24.4,40.0,1390,9456,10996,13245,16472,16743,16909,11845,51451,2687
1782832320,3AC,28726782.0,26774118.0,2347346.8,2053312.0,340210.0,321329.8,256450.8,405286.4,101648.5,0.0,28.1,23.8,0,24.4,40.1,1390,9455,10997,13245,16472,16743,16907,11845,51457,2688
1782835919,3AC,28463506.0,26577648.0,2333862.8,2036613.9,338402.0,320343.8,254936.7,403233.3,101633.4,0.0,28.2,24.0,1,24.4,40.3,1390,9455,10997,13244,16473,16744,16911,11845,51459,2687
1782840720,3AC,28120912.0,26210242.0,2315477.2,2020699.9,336854.2,317198.7,254142.5,400808.0,101608.5,0.0,28.1,24.1,7,24.4,40.5,1390,9455,10998,13245,16476,16743,16909,11844,51454,2686
1782842519,3AC,28055218.0,26094818.0,2304359.2,2017880.4,336539.5,316685.0,253448.0,399966.8,101598.9,0.0,28.1,24.2,10,24.4,40.6,1389,9455,10998,13246,16473,16746,16912,11848,51465,2688
1782852420,3AC,27504238.0,25616394.0,2271508.2,1992973.1,333171.3,312501.6,251567.0,396364.8,101585.7,0.0,28.2,24.6,6,24.4,40.9,1389,9452,10992,13238,16467,16739,16904,11840,51432,2688
1782854218,3AC,27513274.0,25610656.0,2272221.0,1990502.0,332696.4,312084.8,251075.7,394966.9,101580.1,0.0,28.2,24.6,0,24.4,41.0,1390,9454,10993,13243,16469,16742,16907,11843,51444,2688
1782865320,3AC,27141094.0,25325646.0,2252055.2,1974451.0,329391.6,310382.8,250231.0,392739.4,101575.5,0.0,28.2,24.9,9,24.4,41.3,1389,9452,10995,13241,16466,16738,16905,11841,51440,2688
1782866219,3AC,26868158.0,25052986.0,2236937.2,1957816.4,328150.0,309054.2,249124.9,391947.9,101599.9,0.0,28.3,24.9,0,24.5,41.4,1390,9455,11001,13245,16470,16742,16910,11845,51444,2688
1782866519,3AC,26792686.0,24965110.0,2229879.0,1953492.6,327408.8,308643.7,248472.4,390722.1,101607.1,0.0,28.3,24.9,11,24.5,41.4,1390,9453,10999,13243,16472,16743,16906,11844,51454,2688
1782869219,3AC,26129016.0,24288176.0,2187410.2,1914053.0,322400.3,304152.1,245305.7,386998.0,101648.5,0.0,28.5,25.0,11,24.7,41.4,1390,9455,11003,13241,16468,16742,16907,11844,51454,2686
1782871620,3AC,26147826.0,24294474.0,2194767.2,1918741.9,323094.3,304526.4,245451.7,387868.1,101589.4,0.0,28.5,25.1,12,24.7,41.5,1391,9459,11006,13246,16476,16751,16915,11849,51477,2689
1782871919,3AC,26177018.0,24366248.0,2192507.0,1920652.9,322785.2,304913.2,245180.0,387106.7,101583.0,0.0,28.5,25.1,24,24.7,41.5,1390,9456,11003,13243,16472,16745,16910,11846,51466,2688
1782872818,3AC,26228016.0,24383174.0,2199641.0,1926675.5,323785.8,305192.3,245811.0,387455.0,101563.5,0.0,28.4,25.1,7,24.6,41.5,1390,9457,11003,13246,16473,16745,16912,11847,51466,2687
1782873419,3AC,26295726.0,24507666.0,2202121.0,1929498.0,323983.5,305309.1,246112.4,387856.3,101553.0,0.0,28.4,25.1,0,24.6,41.6,1390,9456,11001,13242,16470,16743,16908,11845,51460,2688
1782874920,3AC,26324810.0,24567920.0,2211295.8,1938622.0,324910.5,306193.5,246621.7,388552.2,101535.4,0.0,28.3,25.2,2,24.6,41.6,1390,9454,11000,13239,16470,16741,16907,11842,51448,2688
1782880618,3AC,26722698.0,24882030.0,2236787.2,1964263.1,329136.5,309511.8,249519.1,391600.4,101490.4,0.0,28.1,25.3,14,24.4,41.7,1390,9454,10998,13245,16474,16746,16910,11847,51464,2690
1782881820,3AC,27009310.0,25146362.0,2249676.2,1969740.6,329926.8,311031.7,249908.3,391562.1,101474.1,0.0,28.1,25.4,11,24.3,41.7,1389,9452,10995,13242,16470,16739,16905,11842,51442,2688
1782882719,3AC,27209250.0,25383162.0,2259066.2,1979657.6,332898.0,312830.0,250397.4,393146.0,101460.3,0.0,28.0,25.4,18,24.2,41.8,1389,9451,10991,13245,16472,16741,16906,11843,51440,2688
1782884219,3AC,27516330.0,25616032.0,2282796.2,1999741.0,335328.0,314614.2,252671.4,395787.3,101442.9,0.0,27.8,25.4,24,24.1,41.8,1389,9446,10987,13243,16469,16738,16906,11843,51435,2689
1782899519,3AC,38297696.0,35847776.0,3011930.8,2614072.0,415390.3,387988.2,294316.2,457616.8,102251.4,0.0,27.3,22.2,6,23.5,38.4,1388,9444,10976,13246,16473,16739,16906,11842,51429,2690
1782906119,3AC,36996340.0,34506716.0,2908719.8,2530556.0,406190.5,379028.7,288954.0,449975.4,101837.1,0.0,27.3,22.7,11,23.5,38.9,1389,9447,10978,13253,16481,16747,16913,11848,51444,2691
1782909120,3AC,36438412.0,34133072.0,2873760.8,2496601.0,402292.7,376616.5,286957.6,447483.8,101741.7,0.0,27.2,22.9,5,23.5,39.1,1388,9446,10978,13252,16483,16745,16910,11848,51443,2691
1782910319,3AC,36320564.0,33942080.0,2867956.0,2491530.8,401247.2,375168.5,286766.9,446642.2,101717.0,0.0,27.3,23.0,0,23.5,39.2,1387,9440,10971,13244,16473,16739,16903,11840,51417,2688
1782910920,3AC,36009888.0,33686804.0,2868850.8,2481384.0,401172.8,375055.1,287339.7,446561.5,101703.1,0.0,27.3,23.0,7,23.5,39.2,1389,9446,10977,13253,16482,16746,16912,11849,51453,2691
1782911220,3AC,36144628.0,33848664.0,2867159.8,2482945.8,401230.1,375127.6,286662.3,445667.9,101695.4,0.0,27.3,23.0,3,23.5,39.2,1389,9447,10979,13254,16480,16744,16910,11847,51443,2691
1782916319,3AC,35823672.0,33457990.0,2852105.8,2464312.8,398002.4,373032.0,285506.5,443091.1,101620.8,0.0,27.1,23.3,5,23.4,39.4,1388,9444,10974,13252,16481,16748,16911,11847,51444,2689
1782920820,3AC,35464476.0,33248880.0,2812285.8,2447865.2,396568.4,372318.5,284498.2,441708.8,101601.5,0.0,27.1,23.5,3,23.3,39.6,1388,9442,10969,13248,16478,16741,16907,11844,51428,2690
1782922619,3AC,35158284.0,32959718.0,2806044.2,2435892.8,393500.8,370338.8,283374.3,441604.9,101635.1,0.0,27.2,23.6,1,23.4,39.7,1388,9443,10972,13250,16478,16743,16906,11844,51434,2691
1782922920,3AC,35216340.0,32896432.0,2803372.2,2431066.2,393753.7,369622.2,282736.0,439933.4,101642.3,0.0,27.2,23.6,0,23.4,39.7,1389,9445,10974,13253,16479,16744,16910,11844,51437,2689
1782925920,3AC,34108524.0,31970672.0,2735980.2,2371888.2,384933.8,361372.4,278435.2,433092.4,101722.5,0.0,27.4,23.7,0,23.6,39.9,1388,9445,10981,13250,16476,16743,16910,11843,51434,2688
1782929221,3AC,33237538.0,31114666.0,2674228.8,2324653.0,378198.1,354878.5,273345.6,427187.7,101763.1,0.0,27.7,23.7,0,23.9,40.0,1389,9450,10986,13248,16478,16746,16912,11847,51447,2690
